id,chassis_id,name,slug,sizes,dimension,mass,cargo_capacity,crew,speed,foci,production_status,production_note,type,description,size,manufacturer_suggested_retail_price,pledge_url,skus,loaner,link,updated_at,crew_min,crew_max,crew_range,can_carry_cargo,manufacturer_code,manufacturer_name
45,4,Constellation Andromeda,constellation-andromeda,"{'length': 61, 'beam': 26, 'height': 14}","{'length': 61, 'width': 26, 'height': 14}",430057.0,96.0,"{'min': 3, 'max': 4}",190.0,Medium Freight,flight-ready,Damage States being mapped,multi,"The Constellation Andromeda, a multi-person freighter, is the most popular ship in RSI's current production array. Constellations are beloved by smugglers and merchants alike because they are modular, high powered... and just downright iconic-looking.",large,240.0,https://robertsspaceindustries.com/pledge/ships/rsi-constellation/Constellation-Andromeda,"[{'title': 'Standard Edition', 'price': 240, 'available': True, 'imported_at': '2024-01-07T13:54:03.000000Z'}, {'title': 'Warbond Edition', 'price': 220, 'available': True, 'imported_at': '2024-09-18T00:00:32.000000Z'}, {'title': 'Imperator Subscribers Edition', 'price': 240, 'available': True, 'imported_at': '2025-01-08T00:01:06.000000Z'}, {'title': 'Warbond Edition', 'price': 220, 'available': True, 'imported_at': '2025-12-01T00:00:58.000000Z'}]",P-52 Merlin,https://api.star-citizen.wiki/api/shipmatrix/vehicles/constellation-andromeda,2026-04-21 19:55:05+00:00,3.0,4,1.0,True,RSI,Roberts Space Industries
33,5,Freelancer MIS,freelancer-mis,"{'length': 38, 'beam': 23.5, 'height': 9.5}","{'length': 38, 'width': 23.5, 'height': 9.5}",236353.0,36.0,"{'min': 2, 'max': 4}",204.0,Gunship,flight-ready,None,combat,The Freelancer MIS is a limited edition militarized variant of the classic mercantile ship developed by the UEE. These were produced in very small quantity due to some early payload incidents. This version sacrifices the majority of the cargo capacity to make way for missiles. ,medium,175.0,https://robertsspaceindustries.com/pledge/ships/misc-freelancer/Freelancer-MIS,"[{'title': 'Warbond Edition', 'price': 165, 'available': True, 'imported_at': '2024-01-07T13:54:02.000000Z'}, {'title': 'Standard Edition', 'price': 175, 'available': True, 'imported_at': '2024-01-10T00:00:57.000000Z'}, {'title': 'Warbond Edition', 'price': 165, 'available': True, 'imported_at': '2024-11-25T00:00:52.000000Z'}]",,https://api.star-citizen.wiki/api/shipmatrix/vehicles/freelancer-mis,2026-04-21 19:59:30+00:00,2.0,4,2.0,True,MISC,MISC
101,7,Avenger Warlock,avenger-warlock,"{'length': 22.5, 'beam': 16.5, 'height': 5.5}","{'length': 22.5, 'width': 16.5, 'height': 5.5}",50070.0,0.0,"{'min': 1, 'max': 1}",260.0,Interdiction,flight-ready,None,combat,"Outfitted with a Behring REP-8 EMP Generator, the Warlock makes non-lethal suppression possible via a powerful electromagnetic wave capable of disabling any electronics within the blast radius.

*This is the standard Avenger chassis with the Warlock EMP module pre-installed.*",small,85.0,https://robertsspaceindustries.com/pledge/ships/aegis-avenger/Avenger-Warlock,"[{'title': 'Warbond Edition', 'price': 80, 'available': True, 'imported_at': '2024-01-07T13:54:03.000000Z'}, {'title': 'Standard Edition', 'price': 85, 'available': True, 'imported_at': '2024-01-10T00:00:58.000000Z'}]",,https://api.star-citizen.wiki/api/shipmatrix/vehicles/avenger-warlock,2026-04-21 20:03:38+00:00,1.0,1,0.0,False,AEGS,Aegis Dynamics
130,51,Eclipse,eclipse,"{'length': 20.5, 'beam': 36.6, 'height': 4.4}","{'length': 20.5, 'width': 36.6, 'height': 4.4}",54216.0,0.0,"{'min': 1, 'max': 1}",210.0,Stealth Bomber,flight-ready,None,combat,"The Aegis Eclipse is a bomber designed to get in and strike before it's even spotted. After extensive service with the UEE, this high-tech military stalwart is making its debut on the civilian market for 2947.",medium,300.0,https://robertsspaceindustries.com/pledge/ships/eclipse/Eclipse,"[{'title': 'Warbond Edition', 'price': 280, 'available': True, 'imported_at': '2024-01-07T13:54:04.000000Z'}, {'title': 'Standard Edition', 'price': 300, 'available': True, 'imported_at': '2024-01-10T00:00:58.000000Z'}, {'title': 'Imperator Subscribers Edition', 'price': 300, 'available': True, 'imported_at': '2024-06-05T00:00:25.000000Z'}, {'title': 'Warbond Edition', 'price': 275, 'available': True, 'imported_at': '2024-06-15T00:00:31.000000Z'}, {'title': 'Warbond Edition', 'price': 275, 'available': True, 'imported_at': '2024-11-24T00:00:57.000000Z'}, {'title': 'Warbond Edition', 'price': 275, 'available': True, 'imported_at': '2025-07-12T00:00:46.000000Z'}]",,https://api.star-citizen.wiki/api/shipmatrix/vehicles/eclipse,2026-04-21 20:03:31+00:00,1.0,1,0.0,False,AEGS,Aegis Dynamics
13,3,F7C-S Hornet Ghost Mk I,f7c-s-hornet-ghost-mk-i,"{'length': 22.5, 'beam': 21.5, 'height': 6.5}","{'length': 22.5, 'width': 21.5, 'height': 6.5}",73724.0,0.0,"{'min': 1, 'max': 1}",219.0,Stealth Fighter,flight-ready,None,combat,"Through a combination of low-emission drives, low-draw weapons, and Void Armor technology capable of diffusing scans, the F7C-S Ghost is built for the pilot who wants to keep a low profile. The Ghost is capable of slipping past the most ardent of observers to accomplish whatever goal you need to accomplish. Don't worry, we won't ask.",small,140.0,https://robertsspaceindustries.com/pledge/ships/anvil-hornet/F7C-S-Hornet-Ghost-Mk-I,"[{'title': 'Standard Edition ', 'price': 125, 'available': True, 'imported_at': '2024-01-07T13:54:02.000000Z'}, {'title': 'Standard Edition ', 'price': 140, 'available': True, 'imported_at': '2024-03-15T00:00:30.000000Z'}]",,https://api.star-citizen.wiki/api/shipmatrix/vehicles/f7c-s-hornet-ghost-mk-i,2025-12-03 22:42:42+00:00,1.0,1,0.0,False,ANVL,Anvil Aerospace
87,24,Hull E,hull-e,"{'length': 372, 'beam': 104, 'height': 104}","{'length': 372, 'width': 104, 'height': 104}",1652000.0,12288.0,"{'min': 4, 'max': 5}",,Heavy Freight,in-concept,Concept complete,transport,"The largest specialized freighter available on the market today, the Hull E is generally owned by major corporations and operated with a high degree of planning. The lack of maneuverability inherent in such a large ship means that anyone planning to operate them should be careful about equipping turrets and providing escort. Their potential load (and modularity) is unparalleled, however: no other ship allows as much room to store goods or to modify towards another role!",capital,750.0,https://robertsspaceindustries.com/pledge/ships/hull/Hull-E,"[{'title': 'Warbond Edition', 'price': 675, 'available': True, 'imported_at': '2026-04-09T00:00:31.000000Z'}, {'title': 'Standard Edition', 'price': 750, 'available': True, 'imported_at': '2026-04-09T00:00:31.000000Z'}]",Hull C,https://api.star-citizen.wiki/api/shipmatrix/vehicles/hull-e,2026-04-08 16:13:35+00:00,4.0,5,1.0,True,MISC,MISC
26,13,Scythe,scythe,"{'length': 31, 'beam': 23, 'height': 8.5}","{'length': 31, 'width': 23, 'height': 8.5}",72091.0,0.0,"{'min': 1, 'max': 1}",222.0,Medium Fighter,flight-ready,None,combat,"Fast becoming the symbol of the Vanduul Race, the Scythe is the foot soldier in every raid and the target of every human fighter pilot. Featuring a hefty weapons payload, the Scythe's real asset is its maneuverability, found in the twin main and twelve manuevering thrusters.",small,300.0,https://robertsspaceindustries.com/pledge/ships/scythe/Scythe,[],,https://api.star-citizen.wiki/api/shipmatrix/vehicles/scythe,2025-07-18 15:21:14+00:00,1.0,1,0.0,False,VNCL,Vanduul
67,16,Mustang Gamma,mustang-gamma,"{'length': 21.5, 'beam': 18, 'height': 9}","{'length': 21.5, 'width': 18, 'height': 9}",30263.0,0.0,"{'min': 1, 'max': 1}",225.0,Racing,flight-ready,None,competition,"Consolidated Outland’s design and engineering teams have managed to tweak and refine the Mustang into an admirable racer. The end result, the Mustang Gamma, has smooth acceleration, and power on demand thanks to an innovative package featuring three powerful Magma Jet engines for maximum thrust.",small,55.0,https://robertsspaceindustries.com/pledge/ships/mustang/Mustang-Gamma,"[{'title': 'Standard Edition', 'price': 55, 'available': True, 'imported_at': '2024-01-07T13:54:03.000000Z'}]",,https://api.star-citizen.wiki/api/shipmatrix/vehicles/mustang-gamma,2025-12-03 21:53:03+00:00,1.0,1,0.0,False,CNOU,Consolidated Outland
35,19,Khartu-Al,khartu-al,"{'length': 30.5, 'beam': 13, 'height': 8}","{'length': 30.5, 'width': 13, 'height': 8}",72711.0,0.0,"{'min': 1, 'max': 1}",226.0,Light Fighter,flight-ready,None,combat,"The Xi'an Aopoa corporation manufactures an export model of the Qhire Khartu, the Khartu-al, for sale to Human civilians. The export model features the same Xi'an maneuvering rig, but control surfaces modified for Human use and a more limited armament.",small,175.0,https://robertsspaceindustries.com/pledge/ships/khartu/Khartu-Al,"[{'title': 'Warbond Edition', 'price': 160, 'available': True, 'imported_at': '2024-01-07T13:54:03.000000Z'}, {'title': 'Standard Edition', 'price': 170, 'available': True, 'imported_at': '2024-01-07T13:54:03.000000Z'}, {'title': 'Warbond Edition', 'price': 160, 'available': True, 'imported_at': '2024-01-07T13:54:03.000000Z'}, {'title': 'Standard Edition', 'price': 175, 'available': True, 'imported_at': '2024-11-26T00:00:55.000000Z'}]",,https://api.star-citizen.wiki/api/shipmatrix/vehicles/khartu-al,2025-12-03 22:41:00+00:00,1.0,1,0.0,False,XNAA,Aopoa
86,24,Hull D,hull-d,"{'length': 209, 'beam': 70, 'height': 70}","{'length': 209, 'width': 70, 'height': 70}",1216000.0,6912.0,"{'min': 3, 'max': 5}",,Heavy Freight,in-concept,Concept complete,transport,"The Hull D kicks off the larger end of the spectrum with a massive ship built around a rugged frame. The Hull D is affordable enough to be operated by mid-sized organizations and companies. Hull D are often used as flagships for mercantile operations, but their bulk means that they should be operated with escort fighters while not in safe space. The UEE military uses modified Hull D as part of their supply chain, arming and refueling the soldiers on the front line.",capital,550.0,https://robertsspaceindustries.com/pledge/ships/hull/Hull-D,"[{'title': 'Standard Edition', 'price': 550, 'available': True, 'imported_at': '2024-01-10T00:00:58.000000Z'}]",Hull C,https://api.star-citizen.wiki/api/shipmatrix/vehicles/hull-d,2025-12-03 22:23:12+00:00,3.0,5,2.0,True,MISC,MISC
311,133,MOTH,moth,"{'length': 45, 'beam': 25, 'height': 15}","{'length': 45, 'width': 25, 'height': 15}",1169686.0,224.0,"{'min': 1, 'max': 4}",140.0,Medium Salvage,flight-ready,None,industrial,"A medium salvager built to bridge the gap between light salvage and full industrial undertakings. With Argo’s industrial heritage leading the design, the MOTH is the natural next step for those looking for team-driven, larger-scale operations.",medium,315.0,https://robertsspaceindustries.com/pledge/ships/moth/MOTH,"[{'title': 'Warbond Edition', 'price': 290, 'available': True, 'imported_at': '2026-02-13T00:00:14.000000Z'}, {'title': 'Standard Edition', 'price': 315, 'available': True, 'imported_at': '2026-02-13T00:00:14.000000Z'}]",,https://api.star-citizen.wiki/api/shipmatrix/vehicles/moth,2026-02-11 15:49:51+00:00,1.0,4,3.0,True,ARGO,Argo Astronautics
156,4,Constellation Phoenix Emerald,constellation-phoenix-emerald,"{'length': 61, 'beam': 26, 'height': 14}","{'length': 61, 'width': 26, 'height': 14}",427001.0,80.0,"{'min': 3, 'max': 4}",200.0,Touring,flight-ready,None,exploration,"Whether you are a discerning socialite or a freewheeling party animal, the Constellation Phoenix Emerald is your personal passport to entertainment. With a swank interior cabin designed specifically for revelry, and a limited edition ""lucky"" paint job, the Emerald is the perfect venue to sip a glass of Radegast Gold or throw back a green Sleeping Tiger Malt while hurtling luxuriously through the stars. Just be sure to bring a designated pilot. The Phoenix Emerald comes with a Lynx rover and a Kruger P-72 Archimedes Fighter.",large,350.0,https://robertsspaceindustries.com/pledge/ships/rsi-constellation/Constellation-Phoenix-Emerald,"[{'title': 'Standard Edition', 'price': 350, 'available': True, 'imported_at': '2026-03-18T00:00:11.000000Z'}]",P-72 Archimedes,https://api.star-citizen.wiki/api/shipmatrix/vehicles/constellation-phoenix-emerald,2026-02-27 16:07:26+00:00,3.0,4,1.0,True,RSI,Roberts Space Industries
113,43,MPUV Personnel,mpuv-personnel,"{'length': 9, 'beam': 6.5, 'height': 4}","{'length': 9, 'width': 6.5, 'height': 4}",12187.0,0.0,"{'min': 1, 'max': 1}",170.0,Passenger,flight-ready,None,transport,"The ARGO Astronautics MPUV-1P (commonly ‘Argo Personnel.’) is geared towards a simple but incredibly important responsibility: moving groups of people from place to place. The UEE Navy uses MPUV-1Ps extensively, and any new recruit can likely recall those terrifying moments in which such a ship carried them to their first space assignment. In civilian hands, Argo Personnel ships are adapted for everything from standard taxi services to use as makeshift combat dropships. The ARGO is capable of carrying up to eight Humans and their equipment.",snub,40.0,https://robertsspaceindustries.com/pledge/ships/argo/MPUV-Personnel,"[{'title': 'Standard Edition', 'price': 40, 'available': True, 'imported_at': '2024-01-10T00:00:58.000000Z'}]",,https://api.star-citizen.wiki/api/shipmatrix/vehicles/mpuv-personnel,2026-04-21 20:00:16+00:00,1.0,1,0.0,False,ARGO,Argo Astronautics
117,46,Prowler,prowler,"{'length': 34, 'beam': 32, 'height': 15}","{'length': 34, 'width': 32, 'height': 15}",171700.0,0.0,"{'min': 2, 'max': 2}",200.0,Dropship,flight-ready,None,combat,"Named after the UPE military designation, the Prowler is a modernized version of the infamous Tevarin armored personnel carrier. Esperia’s astroengineers were given unmitigated access to study original versions of the ship recently discovered in the Kabal system to help meticulously reconstruct the vehicle. Now, the Prowler is the perfect fusion of two cultures: the elegance and effectiveness of the Tevarin war machine combined with the reliability of modern Human technology.   
",medium,440.0,https://robertsspaceindustries.com/pledge/ships/prowler/Prowler,"[{'title': 'Warbond Edition', 'price': 410, 'available': True, 'imported_at': '2024-01-07T13:54:04.000000Z'}, {'title': 'Warbond Edition', 'price': 410, 'available': True, 'imported_at': '2024-01-10T00:00:58.000000Z'}, {'title': 'Standard Edition', 'price': 440, 'available': True, 'imported_at': '2024-02-28T00:00:34.000000Z'}]",,https://api.star-citizen.wiki/api/shipmatrix/vehicles/prowler,2026-05-01 12:52:17+00:00,2.0,2,0.0,False,ESPR,Esperia
93,33,Glaive,glaive,"{'length': 31, 'beam': 20, 'height': 8}","{'length': 31, 'width': 20, 'height': 8}",76520.0,0.0,"{'min': 1, 'max': 1}",218.0,Medium Fighter,flight-ready,None,combat,"The Glaive is a symmetrical version of the Scythe. Generally flown by Vanduul with more combat experience, they are better armed and have two huge blades/wings as opposed to one on the standard Scythe.


This model is a human reproduction created by the manufacturer Esperia.
",medium,350.0,https://robertsspaceindustries.com/pledge/ships/esperia-glaive/Glaive,"[{'title': 'Standard Edition', 'price': 350, 'available': True, 'imported_at': '2024-01-07T13:54:03.000000Z'}, {'title': 'Warbond Edition', 'price': 330, 'available': True, 'imported_at': '2024-06-13T00:00:30.000000Z'}]",,https://api.star-citizen.wiki/api/shipmatrix/vehicles/glaive,2025-12-03 21:57:07+00:00,1.0,1,0.0,False,ESPR,Esperia
109,40,Prospector,prospector,"{'length': 24, 'beam': 15, 'height': 7}","{'length': 24, 'width': 15, 'height': 7}",116477.0,0.0,"{'min': 1, 'max': 1}",156.0,Mining,flight-ready,Available in Alpha 3.0,industrial,"For years, the Prospector has been the universe’s preferred mining vessel for solo operators. Featuring MISC’s sleek design sensibility and a bevy of upgraded high-tech mining tools, the 2947 Prospector balances form and functionality.",small,155.0,https://robertsspaceindustries.com/pledge/ships/misc-prospector/Prospector,"[{'title': 'Warbond Edition', 'price': 145, 'available': True, 'imported_at': '2024-01-07T13:54:03.000000Z'}, {'title': 'Standard Edition', 'price': 155, 'available': True, 'imported_at': '2024-01-07T13:54:03.000000Z'}, {'title': 'Warbond Edition', 'price': 145, 'available': True, 'imported_at': '2024-01-10T00:00:58.000000Z'}, {'title': 'Warbond Edition', 'price': 145, 'available': True, 'imported_at': '2024-02-09T00:00:13.000000Z'}]",,https://api.star-citizen.wiki/api/shipmatrix/vehicles/prospector,2025-12-03 22:18:28+00:00,1.0,1,0.0,False,MISC,MISC
126,48,Razor,razor,"{'length': 11.5, 'beam': 8.2, 'height': 2.7}","{'length': 11.5, 'width': 8.2, 'height': 2.7}",10925.0,0.0,"{'min': 1, 'max': 1}",280.0,Racing,flight-ready,None,competition,Mirai makes a bid for the next Murray Cup with the all-new Razor. This advanced racer features an advanced composite spaceframe that puts pure speed ahead of everything else... it's the ship for pilots who want to leave the competition in the dust.,small,145.0,https://robertsspaceindustries.com/pledge/ships/razor/Razor,"[{'title': 'Warbond Edition', 'price': 135, 'available': True, 'imported_at': '2024-01-07T13:54:04.000000Z'}, {'title': 'Standard Edition', 'price': 145, 'available': True, 'imported_at': '2024-01-10T00:00:58.000000Z'}]",,https://api.star-citizen.wiki/api/shipmatrix/vehicles/razor,2025-12-03 22:35:08+00:00,1.0,1,0.0,False,MRAI,Mirai
129,50,Defender,defender,"{'length': 25.5, 'beam': 20, 'height': 8}","{'length': 25.5, 'width': 20, 'height': 8}",122930.0,0.0,"{'min': 1, 'max': 2}",222.0,Light Fighter,flight-ready,None,combat,"Meet the Banu Defender, a multi-crew fighter whose patchwork design highlights technology from a variety of species. Featuring modest accommodations for its crew and easy access to components, the Defender gets its name from the role it serves: the first line of defense against enemy attacks. That's why the Defender makes the ideal companion to the Merchantman: one to do the heavy hauling and the other to perform the deadly dogfighting.",small,220.0,https://robertsspaceindustries.com/pledge/ships/defender/Defender,"[{'title': 'Warbond Edition', 'price': 200, 'available': True, 'imported_at': '2024-01-07T13:54:04.000000Z'}, {'title': 'Standard Edition', 'price': 220, 'available': True, 'imported_at': '2024-01-10T00:00:58.000000Z'}]",,https://api.star-citizen.wiki/api/shipmatrix/vehicles/defender,2025-12-03 22:40:04+00:00,1.0,2,1.0,False,BANU,Banu
134,53,Cyclone,cyclone,"{'length': 6, 'beam': 4, 'height': 2.5}","{'length': 6, 'width': 4, 'height': 2.5}",3022.0,1.0,"{'min': 1, 'max': 2}",,Exploration,flight-ready,None,ground,"With a potent combination of speed, maneuverability, and rugged durability, the Cyclone is a perfect choice for local deliveries and transport between planetside homesteads and outposts.",vehicle,55.0,https://robertsspaceindustries.com/pledge/ships/cyclone/Cyclone,"[{'title': 'Standard Edition', 'price': 55, 'available': True, 'imported_at': '2024-01-07T13:54:04.000000Z'}]",,https://api.star-citizen.wiki/api/shipmatrix/vehicles/cyclone,2025-12-03 22:20:16+00:00,1.0,2,1.0,True,TMBL,Tumbril
155,62,Vulcan,vulcan,"{'length': 38.5, 'beam': 16.5, 'height': 10}","{'length': 38.5, 'width': 16.5, 'height': 10}",625330.0,12.0,"{'min': 1, 'max': 3}",210.0,Medium Repair,in-concept,None,multi,"Refuel. Repair. Rearm. Become a one-person support crew with Aegis Dynamics’ versatile Vulcan, supplying aid to pilots on the fly. Whether pinned down under heavy fire and in need of ammunition, low on quantum fuel after an ill-planned jump, or stranded in unknown space with a busted thruster, a pilot in distress can always count on a Vulcan and its cadre of drones to lend speedy, efficient assistance. 

Outfit your Vulcan with eye-catching livery and become a beacon of hope, even in the darkest, most treacherous corners of the ‘verse.",medium,200.0,https://robertsspaceindustries.com/pledge/ships/vulcan/Vulcan,"[{'title': 'Standard Edition', 'price': 200, 'available': True, 'imported_at': '2024-01-10T00:00:59.000000Z'}, {'title': 'Warbond Edition', 'price': 185, 'available': True, 'imported_at': '2024-05-29T00:00:26.000000Z'}]",Starfarer,https://api.star-citizen.wiki/api/shipmatrix/vehicles/vulcan,2026-04-21 20:03:28+00:00,1.0,3,2.0,True,AEGS,Aegis Dynamics
179,54,Ursa Fortuna,ursa-fortuna,"{'length': 7.6, 'beam': 5.5, 'height': 2.2}","{'length': 7.6, 'width': 5.5, 'height': 2.2}",50357.0,0.0,"{'min': 1, 'max': 2}",,Exploration,flight-ready,None,ground,Fortune favors the bold. The most trusted name in all-terrain exploration embodies the essence of good fortune and success with this commemorative limited-edition Ursa Rover.,vehicle,55.0,https://robertsspaceindustries.com/pledge/ships/ursa/Ursa-Fortuna,"[{'title': 'Standard Edition', 'price': 55, 'available': True, 'imported_at': '2026-03-18T00:00:12.000000Z'}]",,https://api.star-citizen.wiki/api/shipmatrix/vehicles/ursa-fortuna,2026-03-12 15:36:08+00:00,1.0,2,1.0,False,RSI,Roberts Space Industries
141,55,600i Explorer,600i-explorer,"{'length': 91.5, 'beam': 52, 'height': 17}","{'length': 91.5, 'width': 52, 'height': 17}",1576792.0,40.0,"{'min': 2, 'max': 5}",165.0,Expedition,flight-ready,None,exploration,"This multi-role luxury vessel from Origin Jumpworks features an exquisitely detailed hull design that balances performance and versatility in a sleek and timeless form. The 600i is designed with a cutting-edge modular technology, allowing you to customize your ship for your needs. Looking to stamp your name in history with the discovery of a new star system? The 600i's Explorer module swaps the lounge for a robust scanning station as well as additional utility hardpoints to increase the ship's effectiveness even more.",large,475.0,https://robertsspaceindustries.com/pledge/ships/600i/600i-Explorer,"[{'title': 'BIS Warbond Edition', 'price': 445, 'available': True, 'imported_at': '2024-01-07T13:54:04.000000Z'}, {'title': 'Warbond Edition', 'price': 445, 'available': True, 'imported_at': '2024-01-10T00:00:58.000000Z'}, {'title': 'Standard Edition', 'price': 475, 'available': True, 'imported_at': '2024-01-10T00:00:58.000000Z'}, {'title': 'Warbond Edition', 'price': 445, 'available': True, 'imported_at': '2024-02-09T00:00:13.000000Z'}, {'title': 'Warbond Edition', 'price': 445, 'available': True, 'imported_at': '2024-12-05T00:01:21.000000Z'}, {'title': 'Imperator Subscribers Edition', 'price': 475, 'available': True, 'imported_at': '2025-05-07T00:00:59.000000Z'}]",Cyclone,https://api.star-citizen.wiki/api/shipmatrix/vehicles/600i-explorer,2026-03-25 23:00:33+00:00,2.0,5,3.0,True,ORIG,Origin Jumpworks
169,68,Valkyrie,valkyrie,"{'length': 46.5, 'beam': 15, 'height': 10.5}","{'length': 46.5, 'width': 15, 'height': 10.5}",621046.0,90.0,"{'min': 1, 'max': 5}",207.0,Dropship,flight-ready,None,combat,"In the days of antiquity, the Valkyrie were believed to choose who would live and who would die on the field of war. Now, Anvil is putting that choice in your hands. Seize fate and turn the tide of battle.

Rugged, high-performance jump seats safely transport up to twenty personnel into and out of the fray. A vehicle bay and speed ramp efficiently launch ground-based transport or reconnaissance vehicles for unmatched support. Four powerful VTOL thrusters facilitate surgically precise take-offs and landings, while a devastating array of weaponry blurs the line between dropship and gunship.",small,375.0,https://robertsspaceindustries.com/pledge/ships/anvil-valkyrie/Valkyrie,"[{'title': 'Warbond Edition', 'price': 350, 'available': True, 'imported_at': '2024-01-07T13:54:04.000000Z'}, {'title': 'Warbond Edition', 'price': 350, 'available': True, 'imported_at': '2024-01-10T00:00:59.000000Z'}, {'title': 'Standard Edition', 'price': 375, 'available': True, 'imported_at': '2024-02-25T00:00:54.000000Z'}, {'title': 'Warbond Edition', 'price': 350, 'available': True, 'imported_at': '2024-05-24T00:00:35.000000Z'}, {'title': 'Warbond Edition', 'price': 350, 'available': True, 'imported_at': '2024-07-13T00:01:11.000000Z'}, {'title': 'Imperator Subscribers Edition', 'price': 375, 'available': True, 'imported_at': '2025-06-04T00:01:21.000000Z'}, {'title': 'Warbond Edition', 'price': 345, 'available': True, 'imported_at': '2025-07-12T00:00:48.000000Z'}]",F7C-M Super Hornet Mk I,https://api.star-citizen.wiki/api/shipmatrix/vehicles/valkyrie,2026-04-21 20:52:55+00:00,1.0,5,4.0,True,ANVL,Anvil Aerospace
173,70,Arrow,arrow,"{'length': 16, 'beam': 12, 'height': 4}","{'length': 16, 'width': 12, 'height': 4}",30752.0,0.0,"{'min': None, 'max': 1}",232.0,Light Fighter,flight-ready,None,combat,"Meet Anvil's ‘light fighter of the future’. Featuring an ultra-aerodynamic frame, slight profile, and the most advanced manoeuvring thruster tech available, it’s the most agile ship in its class. It can also hold its own in a knock-down-drag-out thanks to a generous standard weapons package that includes quad missile racks and a full complement of countermeasures. The Arrow is designed specifically to leave would-be interlopers thoroughly bewildered. After all, how can they kill what they can't catch?",small,75.0,https://robertsspaceindustries.com/pledge/ships/anvil-arrow/Arrow,"[{'title': 'Standard Edition', 'price': 75, 'available': True, 'imported_at': '2024-01-07T13:54:04.000000Z'}, {'title': 'Imperator Subscribers Edition', 'price': 75, 'available': True, 'imported_at': '2024-02-07T00:00:14.000000Z'}, {'title': 'Centurion Subscribers Edition', 'price': 75, 'available': True, 'imported_at': '2024-02-07T00:00:14.000000Z'}]",,https://api.star-citizen.wiki/api/shipmatrix/vehicles/arrow,2026-04-21 20:52:54+00:00,,1,,False,ANVL,Anvil Aerospace
147,56,X1 Force,x1-force,"{'length': 5.5, 'beam': 1.3, 'height': 1.5}","{'length': 5.5, 'width': 1.3, 'height': 1.5}",4730.0,0.0,"{'min': 1, 'max': 1}",207.0,Combat,flight-ready,None,exploration,"Travel in confidence with the X1 Force. Featuring additional defensive capabilities, this open-canopy vehicle from Origin Jumpworks is equally suited to ground-based exploration, reconnaissance expeditions, and security operations.",snub,55.0,https://robertsspaceindustries.com/pledge/ships/x1/X1-Force,"[{'title': 'Standard Edition', 'price': 55, 'available': True, 'imported_at': '2024-01-07T13:54:04.000000Z'}, {'title': 'Standard Edition', 'price': 50, 'available': True, 'imported_at': '2024-01-10T00:00:59.000000Z'}]",,https://api.star-citizen.wiki/api/shipmatrix/vehicles/x1-force,2025-12-04 17:35:55+00:00,1.0,1,0.0,False,ORIG,Origin Jumpworks
174,71,San'tok.yāi,santokyai,"{'length': 24, 'beam': 23, 'height': 9}","{'length': 24, 'width': 23, 'height': 9}",88524.0,0.0,"{'min': 1, 'max': 1}",227.0,Medium Fighter,flight-ready,None,combat,Meet the next evolution of Xi'an tech and design innovation. The San’tok.yāi is a fighter that literally flies circles around the competition.,medium,240.0,https://robertsspaceindustries.com/pledge/ships/aopoa-santokyai/Santoky-i,"[{'title': 'Warbond Edition', 'price': 220, 'available': True, 'imported_at': '2024-01-07T13:54:04.000000Z'}, {'title': 'Standard Edition', 'price': 240, 'available': True, 'imported_at': '2024-01-07T13:54:04.000000Z'}, {'title': 'Warbond Edition', 'price': 205, 'available': True, 'imported_at': '2024-01-10T00:00:59.000000Z'}, {'title': 'Standard Edition', 'price': 220, 'available': True, 'imported_at': '2024-01-10T00:00:59.000000Z'}]",Khartu-Al,https://api.star-citizen.wiki/api/shipmatrix/vehicles/santokyai,2025-12-03 22:40:56+00:00,1.0,1,0.0,False,XNAA,Aopoa
196,26,Reclaimer Best In Show Edition 2949,reclaimer-best-in-show-edition-2949,"{'length': 155, 'beam': 118, 'height': 50}","{'length': 155, 'width': 118, 'height': 50}",9500158.0,420.0,"{'min': 4, 'max': 5}",110.0,Heavy Salvage,flight-ready,None,industrial,"The Aegis Reclaimer is an industrial salvage ship. Equipped with a reinforced cargo bay, a long-range jump drive and launch pods for unmanned drones, the Reclaimer is an ideal ship for taking advantage of deep space wrecks. Tractor beams, floodlights, scanner options and docking ports round out the tools on this capable, utilitarian spacecraft.

The listed Cargo Capacity is only for the dedicated Cargo Room and does not account for the salvaged material capacity which will be detailed later.",large,400.0,https://robertsspaceindustries.com/pledge/ships/reclaimer/Reclaimer-Best-In-Show-Edition-2949,"[{'title': 'Aegis Reclaimer Best in Show Edition Upgrade ', 'price': 400, 'available': True, 'imported_at': '2025-07-12T00:00:49.000000Z'}]",,https://api.star-citizen.wiki/api/shipmatrix/vehicles/reclaimer-best-in-show-edition-2949,2026-03-25 23:00:38+00:00,4.0,5,1.0,True,AEGS,Aegis Dynamics
201,80,MOLE,mole,"{'length': 45, 'beam': 25, 'height': 15}","{'length': 45, 'width': 25, 'height': 15}",869686.0,96.0,"{'min': 1, 'max': 4}",140.0,Mining,flight-ready,None,industrial,"ARGO’s pragmatic no-nonsense approach to ship design is celebrated in the unmistakable silhouette of the MOLE. Just one look at this machine and you know it means business. Tap into your full potential with the combined force of ARGO’s patented trilateral mining system. The MOLE has a total of 24 mineral pods, each holding 12 SCU. Eight pods are usable at one time – when they’re full, either head home or jettison them for collection by another vessel and carry on mining. Three independently controlled articulated extraction stations allow for maximum power and near-limitless versatility. The MOLE lives by the adage ’many hands make for light work’.",medium,315.0,https://robertsspaceindustries.com/pledge/ships/argo-mole/MOLE,"[{'title': 'Standard Edition', 'price': 315, 'available': True, 'imported_at': '2024-01-07T13:54:05.000000Z'}, {'title': 'Warbond Edition', 'price': 295, 'available': True, 'imported_at': '2024-01-10T00:00:59.000000Z'}, {'title': 'Warbond Edition', 'price': 295, 'available': True, 'imported_at': '2024-02-09T00:00:14.000000Z'}, {'title': 'Warbond Edition', 'price': 290, 'available': True, 'imported_at': '2025-03-28T00:01:15.000000Z'}, {'title': 'Warbond Edition', 'price': 290, 'available': True, 'imported_at': '2025-12-02T00:00:35.000000Z'}]",Prospector,https://api.star-citizen.wiki/api/shipmatrix/vehicles/mole,2026-03-25 23:08:11+00:00,1.0,4,3.0,True,ARGO,Argo Astronautics
195,59,Hammerhead Best In Show Edition 2949,hammerhead-best-in-show-edition-2949,"{'length': 115, 'beam': 75, 'height': 16}","{'length': 115, 'width': 75, 'height': 16}",4260000.0,40.0,"{'min': 3, 'max': 9}",160.0,Heavy Gun Ship,flight-ready,None,combat,"A fast patrol ship with multiple turrets designed to combat fighters, the Hammerhead is equally suited to support larger capital ships in a fleet or act as a flagship for fighter groups.",large,725.0,https://robertsspaceindustries.com/pledge/ships/hammerhead/Hammerhead-Best-In-Show-Edition-2949,[],,https://api.star-citizen.wiki/api/shipmatrix/vehicles/hammerhead-best-in-show-edition-2949,2025-12-03 22:43:00+00:00,3.0,9,6.0,True,AEGS,Aegis Dynamics
202,80,Argo Mole Carbon Edition,argo-mole-carbon-edition,"{'length': 45, 'beam': 25, 'height': 8}","{'length': 45, 'width': 25, 'height': 8}",869686.0,96.0,"{'min': 1, 'max': 4}",140.0,Mining,flight-ready,None,industrial,"ARGO’s pragmatic no-nonsense approach to ship design is celebrated in the unmistakable silhouette of the MOLE. Just one look at this machine and you know it means business. Tap into your full potential with the combined force of ARGO’s patented trilateral mining system. The MOLE has a total of 24 mineral pods, each holding 12 SCU. Eight pods are usable at one time – when they’re full, either head home or jettison them for collection by another vessel and carry on mining. Three independently controlled articulated extraction stations allow for maximum power and near-limitless versatility. The MOLE lives by the adage ’many hands make for light work’.",medium,315.0,https://robertsspaceindustries.com/pledge/ships/argo-mole/Argo-Mole-Carbon-Edition,[],,https://api.star-citizen.wiki/api/shipmatrix/vehicles/argo-mole-carbon-edition,2025-12-03 22:40:38+00:00,1.0,4,3.0,True,ARGO,Argo Astronautics
203,80,Argo Mole Talus Edition,argo-mole-talus-edition,"{'length': 45, 'beam': 25, 'height': 8}","{'length': 45, 'width': 25, 'height': 8}",869686.0,96.0,"{'min': 1, 'max': 4}",140.0,Mining,flight-ready,None,industrial,"ARGO’s pragmatic no-nonsense approach to ship design is celebrated in the unmistakable silhouette of the MOLE. Just one look at this machine and you know it means business. Tap into your full potential with the combined force of ARGO’s patented trilateral mining system. The MOLE has a total of 24 mineral pods, each holding 12 SCU. Eight pods are usable at one time – when they’re full, either head home or jettison them for collection by another vessel and carry on mining. Three independently controlled articulated extraction stations allow for maximum power and near-limitless versatility. The MOLE lives by the adage ’many hands make for light work’.",medium,315.0,https://robertsspaceindustries.com/pledge/ships/argo-mole/Argo-Mole-Talus-Edition,[],,https://api.star-citizen.wiki/api/shipmatrix/vehicles/argo-mole-talus-edition,2025-12-03 22:40:37+00:00,1.0,4,3.0,True,ARGO,Argo Astronautics
206,22,Carrack Expedition,carrack-expedition,"{'length': 126.5, 'beam': 76.5, 'height': 30}","{'length': 126.5, 'width': 76.5, 'height': 30}",4397858.0,456.0,"{'min': 4, 'max': 6}",140.0,Expedition,flight-ready,None,exploration,"The Anvil Carrack features reinforced fuel tanks for long-duration flight, an advanced jump drive, and a dedicated computer core for jump charting operations. Originally a military exclusive, the Carrack is now available for civilian use. On-board accommodations include crew medical and repair facilities, and a mapping-oriented sensor suite.",large,625.0,https://robertsspaceindustries.com/pledge/ships/carrack/Carrack-Expedition,[],,https://api.star-citizen.wiki/api/shipmatrix/vehicles/carrack-expedition,2025-12-03 22:42:19+00:00,4.0,6,2.0,True,ANVL,Anvil Aerospace
212,82,Talon Shrike,talon-shrike,"{'length': 26, 'beam': 23.5, 'height': 8.6}","{'length': 26, 'width': 23.5, 'height': 8.6}",51352.0,0.0,"{'min': 1, 'max': 1}",225.0,Light Fighter,flight-ready,None,combat,"This ship is a recreation of the Tevarin Talon by Esperia. The Talon is the Tevarin equivalent to the Aegis Gladius or Vanduul Blade; a single-seat combat ship. The Talon is the perfect example of the Tevarin way of building a spaceship: maneuverable with powerful, directional 'Phalanx' shields but weak physical armour, as the Tevarin way of war was to strike first and strike hard, before using their Phalanx shields to cover their escape.",small,115.0,https://robertsspaceindustries.com/pledge/ships/talon/Talon-Shrike,"[{'title': 'Standard Edition', 'price': 115, 'available': True, 'imported_at': '2024-02-25T00:00:55.000000Z'}]",,https://api.star-citizen.wiki/api/shipmatrix/vehicles/talon-shrike,2025-12-03 22:38:17+00:00,1.0,1,0.0,False,ESPR,Esperia
225,94,Spartan,spartan,"{'length': 17, 'beam': 7, 'height': 5.5}","{'length': 17, 'width': 7, 'height': 5.5}",136016.0,0.0,"{'min': 1, 'max': 1}",35.0,Transport,flight-ready,None,ground,"Built on Anvil’s robust Atlas Platform, the same chassis used for their devastating Ballista air defense system, the Spartan takes armored personal transport to the next level. A fully armored hold outfitted with eight comfortable jump seats is the perfect way to get your squad onto any battlefield. The Spartan’s low profile keeps it safe from anti-aircraft weaponry, and a remote gatling turret helps clear the area for easier deployment.",vehicle,80.0,https://robertsspaceindustries.com/pledge/ships/spartan/Spartan,"[{'title': 'Warbond Edition', 'price': 65, 'available': True, 'imported_at': '2024-01-07T13:54:05.000000Z'}, {'title': 'Imperator Subscribers Edition', 'price': 80, 'available': True, 'imported_at': '2024-01-10T00:01:00.000000Z'}, {'title': 'Standard Edition', 'price': 80, 'available': True, 'imported_at': '2024-01-26T00:00:41.000000Z'}, {'title': 'Warbond Edition', 'price': 75, 'available': True, 'imported_at': '2024-12-05T00:01:47.000000Z'}]",,https://api.star-citizen.wiki/api/shipmatrix/vehicles/spartan,2026-04-21 20:52:49+00:00,1.0,1,0.0,False,ANVL,Anvil Aerospace
233,99,Centurion,centurion,"{'length': 17, 'beam': 7, 'height': 5.5}","{'length': 17, 'width': 7, 'height': 5.5}",134016.0,0.0,"{'min': 1, 'max': 2}",35.0,Combat,flight-ready,None,ground,"Built on Anvil’s popular Atlas Platform, the Centurion presents a tactical solution for short-range anti-aircraft operations. Dominate any combat zone by assuring immediate threats from above are dealt with quickly and efficiently, thanks to the Centurion’s custom energy-based AA turret.",vehicle,110.0,https://robertsspaceindustries.com/pledge/ships/centurion/Centurion,"[{'title': 'Standard Edition', 'price': 110, 'available': True, 'imported_at': '2024-01-07T13:54:06.000000Z'}]",,https://api.star-citizen.wiki/api/shipmatrix/vehicles/centurion,2026-04-21 20:52:46+00:00,1.0,2,1.0,False,ANVL,Anvil Aerospace
266,102,Cutter Rambler,cutter-rambler,"{'length': 20, 'beam': 13, 'height': 6}","{'length': 20, 'width': 13, 'height': 6}",86877.0,2.0,"{'min': 1, 'max': 1}",180.0,Starter,flight-ready,None,exploration,"The pilot-favorite Cutter chassis outfitted for long hauls and extended engagements. Go ahead, take the scenic route.",small,50.0,https://robertsspaceindustries.com/pledge/ships/cutter/Cutter-Rambler,"[{'title': 'Standard Edition', 'price': 50, 'available': True, 'imported_at': '2024-01-07T13:54:06.000000Z'}, {'title': 'Imperator Subscribers Edition', 'price': 50, 'available': True, 'imported_at': '2024-10-02T00:00:45.000000Z'}]",,https://api.star-citizen.wiki/api/shipmatrix/vehicles/cutter-rambler,2026-04-21 19:51:45+00:00,1.0,1,0.0,True,DRAK,Drake Interplanetary
264,105,Storm AA,storm-aa,"{'length': 10.5, 'beam': 7.5, 'height': 3.6}","{'length': 10.5, 'width': 7.5, 'height': 3.6}",92270.0,0.0,"{'min': 1, 'max': 1}",,Combat Support,flight-ready,None,ground,"Blitz overcrowded battlefields, take out threats from the air, and turn the tide of any conflict.",vehicle,100.0,https://robertsspaceindustries.com/pledge/ships/storm/Storm-AA,"[{'title': 'Standard Edition', 'price': 100, 'available': True, 'imported_at': '2024-01-07T13:54:06.000000Z'}, {'title': 'Imperator Subscribers Edition', 'price': 100, 'available': True, 'imported_at': '2025-03-05T00:01:16.000000Z'}, {'title': 'Warbond Edition', 'price': 95, 'available': True, 'imported_at': '2025-05-23T00:01:40.000000Z'}]",,https://api.star-citizen.wiki/api/shipmatrix/vehicles/storm-aa,2026-04-21 20:05:43+00:00,1.0,1,0.0,False,TMBL,Tumbril
240,101,STV,stv,"{'length': 4.2, 'beam': 2.8, 'height': 2}","{'length': 4.2, 'width': 2.8, 'height': 2}",22070.0,1.0,"{'min': 1, 'max': 2}",,Transport,flight-ready,None,ground,Get ready to have some serious fun on the job with the STV from Greycat. This Sport Terrain Vehicle was built by pros for pros and features blazing speed and convenient built-in storage.,vehicle,40.0,https://robertsspaceindustries.com/pledge/ships/stv/STV,"[{'title': 'Standard Edition', 'price': 40, 'available': True, 'imported_at': '2024-01-07T13:54:06.000000Z'}]",,https://api.star-citizen.wiki/api/shipmatrix/vehicles/stv,2025-12-04 17:05:16+00:00,1.0,2,1.0,True,GRIN,Greycat Industrial
251,106,Zeus Mk II ES,zeus-mk-ii-es,"{'length': 45.7, 'beam': 34.3, 'height': 7}","{'length': 45.7, 'width': 34.3, 'height': 7}",295000.0,32.0,"{'min': 1, 'max': 3}",205.0,Expedition,flight-ready,None,exploration,"Ready to ferry a whole new generation of travelers across the universe, the Zeus Mk II pays homage to the classic ship that launched Humanity to the stars in 2140. With a focus on exploration, the Zeus Mk II ES features a robust radar package for making new discoveries along with enhanced weaponry and shielding.",medium,175.0,https://robertsspaceindustries.com/pledge/ships/zeus-mk-ii/Zeus-Mk-II-ES,"[{'title': 'Standard Upgrade', 'price': 150, 'available': True, 'imported_at': '2024-01-19T00:00:38.000000Z'}, {'title': 'Warbond Edition', 'price': 160, 'available': True, 'imported_at': '2024-10-19T00:01:22.000000Z'}, {'title': 'Standard Edition', 'price': 175, 'available': True, 'imported_at': '2024-10-19T00:01:22.000000Z'}, {'title': 'Imperator Subscribers Warbond Edition', 'price': 160, 'available': True, 'imported_at': '2025-02-07T00:01:23.000000Z'}, {'title': 'Centurion Subscribers Warbond Edition', 'price': 160, 'available': True, 'imported_at': '2025-02-07T00:01:23.000000Z'}, {'title': 'Imperator Subscribers Edition', 'price': 175, 'available': True, 'imported_at': '2025-02-07T00:01:23.000000Z'}, {'title': 'Centurion Subscribers Edition', 'price': 175, 'available': True, 'imported_at': '2025-02-07T00:01:23.000000Z'}, {'title': 'Warbond Edition', 'price': 165, 'available': True, 'imported_at': '2025-11-30T00:01:06.000000Z'}, {'title': 'Standard Edition', 'price': 175, 'available': True, 'imported_at': '2025-11-30T00:01:06.000000Z'}]",C1 Spirit,https://api.star-citizen.wiki/api/shipmatrix/vehicles/zeus-mk-ii-es,2026-01-12 16:19:41+00:00,1.0,3,2.0,True,RSI,Roberts Space Industries
286,120,Guardian,guardian,"{'length': 25, 'beam': 16.5, 'height': 9}","{'length': 25, 'width': 16.5, 'height': 9}",117500.0,0.0,"{'min': 1, 'max': 1}",213.0,Heavy Fighter,flight-ready,None,combat,"Single-operator, long-range heavy fighter with a focus on raw firepower and precision.",small,250.0,https://robertsspaceindustries.com/pledge/ships/guardian/Guardian,"[{'title': 'Warbond Edition', 'price': 230, 'available': True, 'imported_at': '2025-02-07T00:01:24.000000Z'}, {'title': 'Standard Edition', 'price': 250, 'available': True, 'imported_at': '2025-05-20T00:01:30.000000Z'}, {'title': 'Centurion Subscribers Edition', 'price': 250, 'available': True, 'imported_at': '2025-11-05T00:00:58.000000Z'}]",,https://api.star-citizen.wiki/api/shipmatrix/vehicles/guardian,2026-04-21 19:58:08+00:00,1.0,1,0.0,False,MRAI,Mirai
304,128,Shiv,shiv,"{'length': 36, 'beam': 28, 'height': 14}","{'length': 36, 'width': 28, 'height': 14}",219400.0,32.0,"{'min': 1, 'max': 2}",219.0,Heavy Fighter,flight-ready,None,combat,"Don't ask how we got it, don't ask where it came from, just ask, ""Do you want it?""",small,150.0,https://robertsspaceindustries.com/pledge/ships/shiv/Shiv,"[{'title': 'Warbond Edition', 'price': 135, 'available': True, 'imported_at': '2025-10-13T00:00:40.000000Z'}, {'title': 'Standard Edition', 'price': 150, 'available': True, 'imported_at': '2025-10-13T00:00:40.000000Z'}, {'title': 'Warbond Edition', 'price': 135, 'available': True, 'imported_at': '2026-01-23T00:00:19.000000Z'}]",,https://api.star-citizen.wiki/api/shipmatrix/vehicles/shiv,2026-04-21 19:52:28+00:00,1.0,2,1.0,True,GREY,Grey's Market
267,35,Sabre Firebird,sabre-firebird,"{'length': 26, 'beam': 30, 'height': 3.8}","{'length': 26, 'width': 30, 'height': 3.8}",75593.0,0.0,"{'min': 1, 'max': 1}",240.0,Medium Fighter,flight-ready,None,combat,"A high-speed fighter specializing in rapid barrages from its bespoke missile array. Built to destroy threats before they can react, it’s equally at home heading out on long-range missions or scrambling to protect your base of operations. ",medium,185.0,https://robertsspaceindustries.com/pledge/ships/sabre/Sabre-Firebird,"[{'title': 'Warbond Upgrade', 'price': 170, 'available': True, 'imported_at': '2024-05-23T00:00:36.000000Z'}, {'title': 'Standard Edition', 'price': 185, 'available': True, 'imported_at': '2024-05-23T00:00:36.000000Z'}, {'title': 'Imperator Subscribers Edition', 'price': 185, 'available': True, 'imported_at': '2026-01-07T00:01:36.000000Z'}]",,https://api.star-citizen.wiki/api/shipmatrix/vehicles/sabre-firebird,2026-04-21 20:03:25+00:00,1.0,1,0.0,False,AEGS,Aegis Dynamics
284,111,F7C-R Hornet Tracker Mk II,f7c-r-hornet-tracker-mk-ii,"{'length': 22.5, 'beam': 15, 'height': 5}","{'length': 22.5, 'width': 15, 'height': 5}",73317.0,0.0,"{'min': 1, 'max': 1}",220.0,Pathfinder,flight-ready,None,combat,Formidable fighter with enhanced scanning capabilities.,small,185.0,https://robertsspaceindustries.com/pledge/ships/anvil-hornet-mkii/F7C-R-Hornet-Tracker-Mk-II,"[{'title': 'Warbond Edition', 'price': 165, 'available': True, 'imported_at': '2024-12-02T00:01:44.000000Z'}, {'title': 'Standard Edition', 'price': 185, 'available': True, 'imported_at': '2024-12-02T00:01:44.000000Z'}, {'title': 'Warbond Edition', 'price': 165, 'available': True, 'imported_at': '2024-12-06T00:01:39.000000Z'}]",,https://api.star-citizen.wiki/api/shipmatrix/vehicles/f7c-r-hornet-tracker-mk-ii,2026-04-21 20:52:39+00:00,1.0,1,0.0,False,ANVL,Anvil Aerospace
285,111,F7C-S Hornet Ghost Mk II,f7c-s-hornet-ghost-mk-ii,"{'length': 22.5, 'beam': 15, 'height': 5}","{'length': 22.5, 'width': 15, 'height': 5}",73317.0,0.0,"{'min': 1, 'max': 1}",220.0,Stealth Fighter,flight-ready,None,combat,Low-signature fighter built for scouting and ambushing unaware foes.,small,185.0,https://robertsspaceindustries.com/pledge/ships/anvil-hornet-mkii/F7C-S-Hornet-Ghost-Mk-II,"[{'title': 'Warbond Edition', 'price': 165, 'available': True, 'imported_at': '2024-12-02T00:01:44.000000Z'}, {'title': 'Standard Edition', 'price': 185, 'available': True, 'imported_at': '2024-12-02T00:01:45.000000Z'}, {'title': 'Warbond Edition', 'price': 165, 'available': True, 'imported_at': '2024-12-06T00:01:39.000000Z'}]",,https://api.star-citizen.wiki/api/shipmatrix/vehicles/f7c-s-hornet-ghost-mk-ii,2026-04-21 20:52:38+00:00,1.0,1,0.0,False,ANVL,Anvil Aerospace
287,120,Guardian QI,guardian-qi,"{'length': 25, 'beam': 16.5, 'height': 9}","{'length': 25, 'width': 16.5, 'height': 9}",117500.0,0.0,"{'min': 1, 'max': 1}",210.0,Heavy Fighter,flight-ready,None,combat,Single-operator fighter-interceptor with a focus on raw firepower and precision.,small,260.0,https://robertsspaceindustries.com/pledge/ships/guardian/Guardian-QI,"[{'title': 'Warbond Edition', 'price': 240, 'available': True, 'imported_at': '2025-02-07T00:01:24.000000Z'}, {'title': 'Standard Edition', 'price': 260, 'available': True, 'imported_at': '2025-02-07T00:01:24.000000Z'}, {'title': 'Imperator Subscribers Edition', 'price': 260, 'available': True, 'imported_at': '2025-11-05T00:00:58.000000Z'}]",,https://api.star-citizen.wiki/api/shipmatrix/vehicles/guardian-qi,2026-04-30 18:14:24+00:00,1.0,1,0.0,False,MRAI,Mirai
309,122,Golem OX,golem-ox,"{'length': 15.5, 'beam': 10, 'height': 5}","{'length': 15.5, 'width': 10, 'height': 5}",75905.0,64.0,"{'min': 1, 'max': 1}",202.0,Light Freight,flight-ready,None,transport,"A Drake workhorse for the hauling world. With a generous cargo capacity, external storage, and easy off-loading, the OX puts function and performance above all else for solo pilots.",small,90.0,https://robertsspaceindustries.com/pledge/ships/golem/Golem-OX,"[{'title': 'Standard Edition', 'price': 90, 'available': True, 'imported_at': '2025-11-24T00:01:02.000000Z'}]",,https://api.star-citizen.wiki/api/shipmatrix/vehicles/golem-ox,2026-04-21 19:51:39+00:00,1.0,1,0.0,True,DRAK,Drake Interplanetary
297,123,MTC,mtc,"{'length': 7, 'beam': 5.5, 'height': 2}","{'length': 7, 'width': 5.5, 'height': 2}",39870.0,0.0,"{'min': 1, 'max': 1}",,Combat,flight-ready,None,ground,"Drive into the fray with Greycat’s tough and reliable MTC - perfect for carrying weapons and armor to battlefields, bunkers, outposts, expedition sites, and more.",vehicle,50.0,https://robertsspaceindustries.com/pledge/ships/mtc/MTC,"[{'title': 'Standard Edition', 'price': 50, 'available': True, 'imported_at': '2025-05-17T00:01:05.000000Z'}]",Aurora Mk I MR,https://api.star-citizen.wiki/api/shipmatrix/vehicles/mtc,2026-04-21 20:00:33+00:00,1.0,1,0.0,False,GRIN,Greycat Industrial
299,124,Asgard,asgard,"{'length': 48.7, 'beam': 34.1, 'height': 15.5}","{'length': 48.7, 'width': 34.1, 'height': 15.5}",647085.0,180.0,"{'min': 1, 'max': 2}",207.0,Dropship,flight-ready,None,combat,"A heavily armored vehicle-dropship equipped for boundless resilience in the hottest combat zones. Power through relentless fire to deliver vital reinforcements, hold the front line, and keep the enemy retreating.",medium,350.0,https://robertsspaceindustries.com/pledge/ships/anvil-asgard/Asgard,"[{'title': 'Warbond Edition', 'price': 325, 'available': True, 'imported_at': '2025-05-25T00:01:37.000000Z'}, {'title': 'Standard Edition', 'price': 350, 'available': True, 'imported_at': '2025-05-25T00:01:37.000000Z'}, {'title': 'Warbond Edition', 'price': 325, 'available': True, 'imported_at': '2025-09-11T00:01:15.000000Z'}, {'title': 'Warbond Edition', 'price': 325, 'available': True, 'imported_at': '2025-11-30T00:01:07.000000Z'}, {'title': 'Standard Edition', 'price': 350, 'available': True, 'imported_at': '2025-11-30T00:01:07.000000Z'}, {'title': 'Imperator Subscribers Edition', 'price': 350, 'available': True, 'imported_at': '2025-12-03T00:00:38.000000Z'}]",,https://api.star-citizen.wiki/api/shipmatrix/vehicles/asgard,2026-04-21 20:52:36+00:00,1.0,2,1.0,True,ANVL,Anvil Aerospace
279,116,Starlancer TAC,starlancer-tac,"{'length': 83, 'beam': 52, 'height': 16}","{'length': 83, 'width': 52, 'height': 16}",814270.0,96.0,"{'min': 1, 'max': 8}",115.0,Patrol,flight-ready,None,combat,"Built for deep-space patrol, the TAC takes the robust Starlancer chassis and outfits it for serious offense and defense. Heavy weaponry, a dedicated snub hangar, medbeds, and eight military-spec jump seats mean you’re ready for anything. ",medium,375.0,https://robertsspaceindustries.com/pledge/ships/starlancer/Starlancer-TAC,"[{'title': 'Standard Edition', 'price': 330, 'available': True, 'imported_at': '2024-10-22T00:01:00.000000Z'}, {'title': 'Warbond Edition', 'price': 340, 'available': True, 'imported_at': '2025-05-20T00:01:30.000000Z'}, {'title': 'Standard Edition', 'price': 375, 'available': True, 'imported_at': '2025-05-20T00:01:30.000000Z'}, {'title': 'Warbond Edition', 'price': 340, 'available': True, 'imported_at': '2026-01-23T00:00:18.000000Z'}, {'title': 'Imperator Subscribers Edition', 'price': 375, 'available': True, 'imported_at': '2026-02-04T00:00:19.000000Z'}]",Starlancer MAX,https://api.star-citizen.wiki/api/shipmatrix/vehicles/starlancer-tac,2026-04-30 18:14:13+00:00,1.0,8,7.0,True,MISC,MISC
280,117,Intrepid,intrepid,"{'length': 23.2, 'beam': 20.3, 'height': 6.2}","{'length': 23.2, 'width': 20.3, 'height': 6.2}",77653.0,8.0,"{'min': 1, 'max': 1}",227.0,Light Freight,flight-ready,None,transport,"Versatile starter ship and light hauler built with true Crusader quality.

",small,65.0,https://robertsspaceindustries.com/pledge/ships/intrepid/Intrepid,"[{'title': 'Standard Edition', 'price': 65, 'available': True, 'imported_at': '2024-11-24T00:01:08.000000Z'}, {'title': 'Standard Edition', 'price': 65, 'available': True, 'imported_at': '2025-02-07T00:01:24.000000Z'}]",,https://api.star-citizen.wiki/api/shipmatrix/vehicles/intrepid,2025-12-03 21:53:36+00:00,1.0,1,0.0,True,CRUS,Crusader Industries
288,121,Fortune,fortune,"{'length': 26, 'beam': 16, 'height': 7}","{'length': 26, 'width': 16, 'height': 7}",116477.0,12.0,"{'min': 1, 'max': 1}",143.0,Salvage,flight-ready,None,industrial,"Get the job done quickly with MISC’s most efficient salvager yet. It’s not a simple job, but the Fortune makes it easier.",small,175.0,https://robertsspaceindustries.com/pledge/ships/fortune/Fortune,"[{'title': 'Warbond Edition', 'price': 160, 'available': True, 'imported_at': '2025-02-07T00:01:24.000000Z'}, {'title': 'Standard Edition', 'price': 175, 'available': True, 'imported_at': '2025-02-07T00:01:24.000000Z'}]",,https://api.star-citizen.wiki/api/shipmatrix/vehicles/fortune,2025-12-03 22:22:57+00:00,1.0,1,0.0,True,MISC,MISC
296,115,ATLS GEO,atls-geo,"{'length': 1.8, 'beam': 2, 'height': 2.8}","{'length': 1.8, 'width': 2, 'height': 2.8}",2100.0,0.0,"{'min': 1, 'max': 1}",2.0,Industrial,flight-ready,None,ground,"Built on the proven ATLS power suit chassis, the GEO is outfitted with bespoke mining components and a Jump Pack to open up the most inaccessible (and prosperous) corners of the galaxy.",vehicle,45.0,https://robertsspaceindustries.com/pledge/ships/atls/ATLS-GEO,[],,https://api.star-citizen.wiki/api/shipmatrix/vehicles/atls-geo,2025-12-03 21:52:35+00:00,1.0,1,0.0,False,ARGO,Argo Astronautics
7,2,300i,300i,"{'length': 27, 'beam': 17, 'height': 8}","{'length': 27, 'width': 17, 'height': 8}",79677.0,8.0,"{'min': 1, 'max': 1}",260.0,Touring,flight-ready,Rework complete (3.5.0),multi,"If you're going to travel the stars... why not do it in style? The 300i is Origin Jumpworks' premiere luxury spacecraft. It is a sleek, silver killer that sends as much of a message with its silhouette as it does with its weaponry.",small,60.0,https://robertsspaceindustries.com/pledge/ships/origin-300/300i,"[{'title': 'Standard Edition', 'price': 60, 'available': True, 'imported_at': '2024-01-07T13:54:02.000000Z'}, {'title': 'Warbond Edition', 'price': 55, 'available': True, 'imported_at': '2024-01-07T13:54:02.000000Z'}]",,https://api.star-citizen.wiki/api/shipmatrix/vehicles/300i,2025-12-03 22:19:10+00:00,1.0,1,0.0,True,ORIG,Origin Jumpworks
8,2,315p,315p,"{'length': 27, 'beam': 17, 'height': 8}","{'length': 27, 'width': 17, 'height': 8}",80592.0,12.0,"{'min': 1, 'max': 1}",260.0,Pathfinder,flight-ready,None,exploration,"Exploration is man's highest calling. Prepare to chart distant horizons with man's most sophisticated piece of technology, the ORIGIN 315p. Featuring a more robust power plant and a custom scanning package, exclusively designed by Chimera Communications.",small,65.0,https://robertsspaceindustries.com/pledge/ships/origin-300/315p,"[{'title': 'Standard Edition', 'price': 65, 'available': True, 'imported_at': '2024-01-07T13:54:02.000000Z'}]",,https://api.star-citizen.wiki/api/shipmatrix/vehicles/315p,2025-12-03 22:19:09+00:00,1.0,1,0.0,True,ORIG,Origin Jumpworks
4,1,Aurora Mk I MR,aurora-mk-i-mr,"{'length': 19, 'beam': 8.7, 'height': 4.5}","{'length': 19, 'width': 8.7, 'height': 4.5}",27893.0,2.0,"{'min': 1, 'max': 1}",225.0,Light Fighter,flight-ready,None,transport,Perhaps you're looking for something that offers carrying capacity but has combat capabilities too? The Aurora Marque comes with a pair of Behring-quality lasers and a high quality gun cooler system.,small,30.0,https://robertsspaceindustries.com/pledge/ships/rsi-aurora/Aurora-Mk-I-MR,"[{'title': 'Standard Edition', 'price': 30, 'available': True, 'imported_at': '2024-01-07T13:54:02.000000Z'}]",,https://api.star-citizen.wiki/api/shipmatrix/vehicles/aurora-mk-i-mr,2026-03-25 17:08:01+00:00,1.0,1,0.0,True,RSI,Roberts Space Industries
5,1,Aurora Mk I CL,aurora-mk-i-cl,"{'length': 19, 'beam': 8, 'height': 4}","{'length': 19, 'width': 8, 'height': 4}",26422.0,6.0,"{'min': 1, 'max': 1}",225.0,Light Freight,flight-ready,None,transport,"Customized for mercantile and trading excursions, the Aurora Clipper is the perfect vessel for aspiring entrepreneurs and seasoned traders alike. Thanks to its expanded cargo capacity, the Clipper ups the ante for personal merchant craft.",small,45.0,https://robertsspaceindustries.com/pledge/ships/rsi-aurora/Aurora-Mk-I-CL,"[{'title': 'Standard Edition', 'price': 45, 'available': True, 'imported_at': '2024-01-07T13:54:02.000000Z'}]",,https://api.star-citizen.wiki/api/shipmatrix/vehicles/aurora-mk-i-cl,2026-03-25 17:08:00+00:00,1.0,1,0.0,True,RSI,Roberts Space Industries
139,54,Ursa,ursa,"{'length': 7.6, 'beam': 5.5, 'height': 2.2}","{'length': 7.6, 'width': 5.5, 'height': 2.2}",50357.0,0.0,"{'min': 1, 'max': 2}",,Exploration,flight-ready,Available in Alpha 3.0,ground,"Built by RSI specifically for the planetside explorer, the Ursa Rover offers civilians military-grade all-terrain capabilities and stands as the rugged standard in ground-based scouting, mapping and discovery applications.",vehicle,50.0,https://robertsspaceindustries.com/pledge/ships/ursa/Ursa,"[{'title': 'Standard Edition', 'price': 50, 'available': True, 'imported_at': '2024-01-07T13:54:04.000000Z'}]",,https://api.star-citizen.wiki/api/shipmatrix/vehicles/ursa,2026-04-21 19:54:59+00:00,1.0,2,1.0,False,RSI,Roberts Space Industries
3,1,Aurora Mk I LX,aurora-mk-i-lx,"{'length': 19, 'beam': 8.7, 'height': 4.5}","{'length': 19, 'width': 8.7, 'height': 4.5}",26736.0,3.0,"{'min': 1, 'max': 1}",225.0,Pathfinder,flight-ready,None,exploration,"Be proud of your roots with the brand-new Aurora Deluxe, built for the discerning pilot who never forgets where he or she came from. The LX features patent leather interior to guarantee comfort for those long stretches in the deep black.",small,35.0,https://robertsspaceindustries.com/pledge/ships/rsi-aurora/Aurora-Mk-I-LX,"[{'title': 'Standard Edition', 'price': 35, 'available': True, 'imported_at': '2024-01-10T00:00:57.000000Z'}]",,https://api.star-citizen.wiki/api/shipmatrix/vehicles/aurora-mk-i-lx,2026-03-25 17:08:02+00:00,1.0,1,0.0,True,RSI,Roberts Space Industries
11,3,F7C Hornet Mk I,f7c-hornet-mk-i,"{'length': 22.5, 'beam': 21.5, 'height': 6.5}","{'length': 22.5, 'width': 21.5, 'height': 6.5}",74132.0,2.0,"{'min': 1, 'max': 1}",220.0,Medium Fighter,flight-ready,None,combat,"To the enemy, it is a weapon never to be underestimated. To allies, it's a savior. The F7C Hornet is the same dependable and resilient multi-purpose fighter that has become the face of the UEE Navy. The F7C is the foundation to build on and meet whatever requirements you have in mind.",small,125.0,https://robertsspaceindustries.com/pledge/ships/anvil-hornet/F7C-Hornet-Mk-I,"[{'title': 'Standard Edition ', 'price': 110, 'available': True, 'imported_at': '2024-01-07T13:54:02.000000Z'}, {'title': 'Standard Edition ', 'price': 125, 'available': True, 'imported_at': '2024-03-15T00:00:30.000000Z'}]",,https://api.star-citizen.wiki/api/shipmatrix/vehicles/f7c-hornet-mk-i,2025-12-03 22:42:43+00:00,1.0,1,0.0,True,ANVL,Anvil Aerospace
122,3,F7C Hornet Wildfire Mk I,f7c-hornet-wildfire-mk-i,"{'length': 22.5, 'beam': 21.5, 'height': 6.5}","{'length': 22.5, 'width': 21.5, 'height': 6.5}",74132.0,0.0,"{'min': 1, 'max': 1}",220.0,Medium Fighter,flight-ready,None,combat,"Created as part of the ‘Masters of Flight’ series in conjunction with the flight-sim Arena Commander, the Wildfire pays tribute to famed pilot Aria Reilly for her distinguished service with the legendary Squadron 42. This Hornet comes equipped with her own personally selected loadout preferences and a custom special edition livery honoring her iconic ship.
",small,175.0,https://robertsspaceindustries.com/pledge/ships/anvil-hornet/F7C-Hornet-Wildfire-Mk-I,"[{'title': 'Standard Edition ', 'price': 175, 'available': True, 'imported_at': '2024-01-11T00:00:58.000000Z'}]",,https://api.star-citizen.wiki/api/shipmatrix/vehicles/f7c-hornet-wildfire-mk-i,2025-12-03 22:42:32+00:00,1.0,1,0.0,False,ANVL,Anvil Aerospace
14,3,F7C-R Hornet Tracker Mk I,f7c-r-hornet-tracker-mk-i,"{'length': 22.5, 'beam': 21.5, 'height': 6.5}","{'length': 22.5, 'width': 21.5, 'height': 6.5}",74197.0,0.0,"{'min': 1, 'max': 1}",219.0,Pathfinder,flight-ready,None,combat,"If the Ghost is made to hide, the Tracker is made to seek. The F7C-R Tracker boasts an advanced radar suite making it ideal for deep-space explorers who require depth and accuracy in their scan packages. Local militia and larger merc units will also repurpose Trackers to act as mobile C&amp;C ships for their squadrons.",small,150.0,https://robertsspaceindustries.com/pledge/ships/anvil-hornet/F7C-R-Hornet-Tracker-Mk-I,"[{'title': 'Standard Edition ', 'price': 140, 'available': True, 'imported_at': '2024-01-07T13:54:02.000000Z'}, {'title': 'Standard Edition ', 'price': 150, 'available': True, 'imported_at': '2024-03-15T00:00:30.000000Z'}]",,https://api.star-citizen.wiki/api/shipmatrix/vehicles/f7c-r-hornet-tracker-mk-i,2025-12-03 22:42:40+00:00,1.0,1,0.0,False,ANVL,Anvil Aerospace
9,2,325a,325a,"{'length': 27, 'beam': 17, 'height': 8}","{'length': 27, 'width': 17, 'height': 8}",79324.0,4.0,"{'min': 1, 'max': 1}",260.0,Light Fighter,flight-ready,None,combat,Just because it's a rough galaxy doesn't mean you need to sacrifice your comfort: the 325a can come out on top in any dogfight. The 325a features an advanced weapon payload as well as a custom targeting system designed especially for the 325a by WillsOp.,small,70.0,https://robertsspaceindustries.com/pledge/ships/origin-300/325a,"[{'title': 'Standard Edition', 'price': 70, 'available': True, 'imported_at': '2024-01-07T13:54:02.000000Z'}]",,https://api.star-citizen.wiki/api/shipmatrix/vehicles/325a,2026-04-21 19:56:36+00:00,1.0,1,0.0,True,ORIG,Origin Jumpworks
15,3,F7C-M Super Hornet Mk I,f7c-m-super-hornet-mk-i,"{'length': 25.5, 'beam': 24, 'height': 6.5}","{'length': 25.5, 'width': 24, 'height': 6.5}",78886.0,0.0,"{'min': 1, 'max': 2}",219.0,Medium Fighter,flight-ready,None,combat,"The closest to the Military load-out as is legally possible for a Civilian model, the F7C-M Super Hornet reattaches the ball turret and offers near milspec parts under the hood. Proving that two heads are better than one, a second seat has been added to split the logistic and combat duty, making the Super Hornet a truly terrifying mark to engage.",small,180.0,https://robertsspaceindustries.com/pledge/ships/anvil-hornet/F7C-M-Super-Hornet-Mk-I,"[{'title': 'Standard Edition', 'price': 185, 'available': True, 'imported_at': '2024-01-11T00:00:57.000000Z'}, {'title': 'Standard Edition', 'price': 180, 'available': True, 'imported_at': '2024-05-24T00:00:34.000000Z'}]",,https://api.star-citizen.wiki/api/shipmatrix/vehicles/f7c-m-super-hornet-mk-i,2025-12-03 22:42:39+00:00,1.0,2,1.0,False,ANVL,Anvil Aerospace
16,5,Freelancer,freelancer,"{'length': 38, 'beam': 23.5, 'height': 9.5}","{'length': 38, 'width': 23.5, 'height': 9.5}",231696.0,66.0,"{'min': 2, 'max': 4}",197.0,Medium Freight,flight-ready,This ship is in game and ready to fly immediately,transport,"Freelancers are used as long haul merchant ships by major corporations, but they are just as frequently repurposed as dedicated exploration vessels by independent captains who want to operate on the fringes of the galaxy.",medium,110.0,https://robertsspaceindustries.com/pledge/ships/misc-freelancer/Freelancer,"[{'title': 'Warbond Edition', 'price': 100, 'available': True, 'imported_at': '2024-01-07T13:54:02.000000Z'}, {'title': 'Standard Edition', 'price': 110, 'available': True, 'imported_at': '2024-01-07T13:54:02.000000Z'}]",,https://api.star-citizen.wiki/api/shipmatrix/vehicles/freelancer,2025-12-03 22:18:35+00:00,2.0,4,2.0,True,MISC,MISC
46,4,Constellation Taurus,constellation-taurus,"{'length': 61, 'beam': 26, 'height': 14}","{'length': 61, 'width': 26, 'height': 14}",427001.0,174.0,"{'min': 3, 'max': 4}",180.0,Medium Freight,flight-ready,None,transport,"Enjoy the adventure of a multi-crew Constellation on a budget! The Constellation Taurus is a dedicated freighter. Fully configurable but without all the bells-and-whistles, the Taurus is a great way to get started with crewed ships.",large,200.0,https://robertsspaceindustries.com/pledge/ships/rsi-constellation/Constellation-Taurus,"[{'title': 'Standard Edition', 'price': 150, 'available': True, 'imported_at': '2024-01-07T13:54:03.000000Z'}, {'title': 'Standard Edition', 'price': 200, 'available': True, 'imported_at': '2024-01-07T13:54:03.000000Z'}, {'title': 'Warbond Edition', 'price': 185, 'available': True, 'imported_at': '2024-01-10T00:00:57.000000Z'}, {'title': 'Imperator Subscribers Edition', 'price': 200, 'available': True, 'imported_at': '2025-01-08T00:01:06.000000Z'}, {'title': 'Centurion Subscribers Edition', 'price': 200, 'available': True, 'imported_at': '2025-01-08T00:01:06.000000Z'}]",,https://api.star-citizen.wiki/api/shipmatrix/vehicles/constellation-taurus,2026-04-21 19:55:04+00:00,3.0,4,1.0,True,RSI,Roberts Space Industries
49,4,Constellation Phoenix,constellation-phoenix,"{'length': 61, 'beam': 26, 'height': 14}","{'length': 61, 'width': 26, 'height': 14}",427001.0,80.0,"{'min': 3, 'max': 4}",185.0,Luxury Touring,flight-ready,None,exploration,"A dedicated luxury spacecraft for the discerning star captain. The Constellation Phoenix can be operated as an organization command ship and features a luxurious redesigned interior. 

The Phoenix comes with a Lynx rover and a Kruger P-72 Archimedes Fighter",large,350.0,https://robertsspaceindustries.com/pledge/ships/rsi-constellation/Constellation-Phoenix,[],P-72 Archimedes,https://api.star-citizen.wiki/api/shipmatrix/vehicles/constellation-phoenix,2026-04-27 17:22:38+00:00,3.0,4,1.0,True,RSI,Roberts Space Industries
31,5,Freelancer DUR,freelancer-dur,"{'length': 38, 'beam': 23.5, 'height': 9.5}","{'length': 38, 'width': 23.5, 'height': 9.5}",234718.0,36.0,"{'min': 2, 'max': 4}",200.0,Expedition,flight-ready,None,exploration,"The Freelancer DUR variant specializes in exploration. Sacrificing some of the cargo capacity of the standard Freelancer for an enhanced jump drive, a more advanced scanner, and an expanded fuel tank may seem like a bad call to some, but those who value discovery over profit will find it to be their ship of choice.",medium,135.0,https://robertsspaceindustries.com/pledge/ships/misc-freelancer/Freelancer-DUR,"[{'title': 'Standard Edition', 'price': 135, 'available': True, 'imported_at': '2024-01-07T13:54:02.000000Z'}]",,https://api.star-citizen.wiki/api/shipmatrix/vehicles/freelancer-dur,2025-12-03 22:18:33+00:00,2.0,4,2.0,True,MISC,MISC
32,5,Freelancer MAX,freelancer-max,"{'length': 38, 'beam': 36, 'height': 9.5}","{'length': 38, 'width': 36, 'height': 9.5}",360208.0,120.0,"{'min': 2, 'max': 4}",195.0,Medium Freight,flight-ready,None,transport,"The Freelancer MAX variant is for those who prize increased cargo capacity over everything else. Combine that additional storage with MISC’s unrivaled dependability and reputation, and you can see why the MAX is the preferred transport for many independent haulers in Empire today.",medium,150.0,https://robertsspaceindustries.com/pledge/ships/misc-freelancer/Freelancer-MAX,"[{'title': 'Standard Edition', 'price': 150, 'available': True, 'imported_at': '2024-01-07T13:54:02.000000Z'}, {'title': 'Warbond Edition', 'price': 140, 'available': True, 'imported_at': '2024-08-30T00:01:12.000000Z'}]",,https://api.star-citizen.wiki/api/shipmatrix/vehicles/freelancer-max,2025-12-03 22:18:32+00:00,2.0,4,2.0,True,MISC,MISC
300,46,Prowler Utility,prowler-utility,"{'length': 34, 'beam': 32, 'height': 15}","{'length': 34, 'width': 32, 'height': 15}",171700.0,32.0,"{'min': 1, 'max': 2}",208.0,Cargo,flight-ready,None,transport,"The Prowler Utility: Like the original Prowler, the Utility embraces the alien design of the infamous Tevarin ship entrusted to Esperia decades ago. However, its 32-SCU cargo hold and integrated tractor beam make this variant as practical for hauling as it is visually striking. ",medium,300.0,https://robertsspaceindustries.com/pledge/ships/prowler/Prowler-Utility,"[{'title': 'Warbond Edition', 'price': 275, 'available': True, 'imported_at': '2025-06-14T00:01:17.000000Z'}, {'title': 'Standard Edition', 'price': 300, 'available': True, 'imported_at': '2025-06-14T00:01:17.000000Z'}]",,https://api.star-citizen.wiki/api/shipmatrix/vehicles/prowler-utility,2025-12-03 22:38:16+00:00,1.0,2,1.0,True,ESPR,Esperia
58,6,Cutlass Blue,cutlass-blue,"{'length': 36, 'beam': 26, 'height': 14}","{'length': 36, 'width': 26, 'height': 14}",226700.0,12.0,"{'min': 2, 'max': 3}",220.0,Interdiction,flight-ready,None,combat,"Sleek, mean, and royal. The Cutlass Blue adds missiles, a more aggressive engine, and Durasteel holding cells in the cargo bay to the standard model. The Cutlass Blue is the outworld militia standard ship of choice for patrols.",medium,175.0,https://robertsspaceindustries.com/pledge/ships/drake-cutlass/Cutlass-Blue,"[{'title': 'Standard Edition', 'price': 175, 'available': True, 'imported_at': '2024-01-10T00:00:57.000000Z'}, {'title': 'Warbond Edition', 'price': 165, 'available': True, 'imported_at': '2024-12-03T00:01:03.000000Z'}, {'title': 'Imperator Subscribers Edition', 'price': 175, 'available': True, 'imported_at': '2026-04-08T00:00:22.000000Z'}]",,https://api.star-citizen.wiki/api/shipmatrix/vehicles/cutlass-blue,2026-04-21 19:52:00+00:00,2.0,3,1.0,True,DRAK,Drake Interplanetary
22,9,M50,m50,"{'length': 11, 'beam': 10, 'height': 3}","{'length': 11, 'width': 10, 'height': 3}",10552.0,0.0,"{'min': 1, 'max': 1}",280.0,Racing,flight-ready,None,competition,"If you want to get from point A to point B as quickly as possible and with as much style as possible then ORIGIN's M50 is for you. Featuring supercharged engines that counter a tiny weapons loadout, the M50 goes extremely fast and looks incredibly good doing it. As Origin’s premier racing chassis, you shouldn’t expect anything less.",small,100.0,https://robertsspaceindustries.com/pledge/ships/origin-m50/M50,"[{'title': 'Standard Edition', 'price': 100, 'available': True, 'imported_at': '2024-01-10T00:00:57.000000Z'}]",,https://api.star-citizen.wiki/api/shipmatrix/vehicles/m50,2025-12-03 22:22:40+00:00,1.0,1,0.0,False,ORIG,Origin Jumpworks
124,7,Avenger Titan Renegade,avenger-titan-renegade,"{'length': 22.5, 'beam': 16.5, 'height': 5.5}","{'length': 22.5, 'width': 16.5, 'height': 5.5}",50735.0,8.0,"{'min': 1, 'max': 1}",260.0,Light Freight,flight-ready,None,transport,"Created as part of the ‘Masters of Flight’ series in conjunction with the flight-sim Arena Commander, the Renegade pays tribute to famed pilot Danny Solomon for his notable work with the Advocacy to bring justice to Bremen. This Avenger Titan comes equipped with a specialized dogfighting-focused loadout and a special-edition livery honoring this iconic ship.
",small,75.0,https://robertsspaceindustries.com/pledge/ships/aegis-avenger/Avenger-Titan-Renegade,"[{'title': 'Standard Edition', 'price': 75, 'available': True, 'imported_at': '2024-01-10T00:00:58.000000Z'}]",,https://api.star-citizen.wiki/api/shipmatrix/vehicles/avenger-titan-renegade,2026-04-21 20:03:33+00:00,1.0,1,0.0,True,AEGS,Aegis Dynamics
102,7,Avenger Titan,avenger-titan,"{'length': 22.5, 'beam': 16.5, 'height': 5.5}","{'length': 22.5, 'width': 16.5, 'height': 5.5}",50056.0,8.0,"{'min': 1, 'max': 1}",260.0,Light Freight,flight-ready,None,transport,"With extra room in the back, the Titan’s hold is free to carry cargo. Couple that with the Avenger’s tried and true combat abilities and you’ve got a light cargo hauler that’s more than capable of handling itself in a fight.",small,60.0,https://robertsspaceindustries.com/pledge/ships/aegis-avenger/Avenger-Titan,"[{'title': 'Avenger Titan Holiday Upgrade', 'price': 60, 'available': True, 'imported_at': '2024-01-07T13:54:03.000000Z'}, {'title': 'Standard Edition', 'price': 60, 'available': True, 'imported_at': '2024-01-07T13:54:03.000000Z'}]",,https://api.star-citizen.wiki/api/shipmatrix/vehicles/avenger-titan,2026-04-21 20:03:37+00:00,1.0,1,0.0,True,AEGS,Aegis Dynamics
88,10,Starfarer,starfarer,"{'length': 101, 'beam': 46.5, 'height': 23.5}","{'length': 101, 'width': 46.5, 'height': 23.5}",3555606.0,291.0,"{'min': 4, 'max': 8}",106.0,Heavy Refuelling,flight-ready,None,support,"The Starfarer differs from traditional bulk freighters in one key way: it is a dedicated fuel platform. The Starfarer is designed not only to load, store and protect fuel stasis units, it is designed to take in spaceborne gases and refine them for use without landing. And while it excels at this, the Starfarer can also be used to ferry traditional bulk cargo pods. The listed Cargo Capacity is only for the dedicated Cargo Room and does not account for the extra space available from the bulk cargo pods.",large,300.0,https://robertsspaceindustries.com/pledge/ships/misc-starfarer/Starfarer,"[{'title': 'Standard Edition', 'price': 300, 'available': True, 'imported_at': '2024-01-10T00:00:58.000000Z'}, {'title': 'Imperator Subscribers Edition', 'price': 300, 'available': True, 'imported_at': '2024-12-04T00:01:34.000000Z'}]",,https://api.star-citizen.wiki/api/shipmatrix/vehicles/starfarer,2025-12-03 22:23:10+00:00,4.0,8,4.0,True,MISC,MISC
125,11,Caterpillar Pirate Edition,caterpillar-pirate-edition,"{'length': 111.5, 'beam': 30, 'height': 13.5}","{'length': 111.5, 'width': 30, 'height': 13.5}",1660063.0,576.0,"{'min': 2, 'max': 4}",130.0,Heavy Freight,flight-ready,None,transport,"Drake maintains that the Caterpillar, a sprawling, modular spacecraft which appears at least somewhat like its namesake, is for legitimate commerce and extended search and rescue missions... but this special livery seems to suggest otherwise.",large,330.0,https://robertsspaceindustries.com/pledge/ships/drake-caterpillar/Caterpillar-Pirate-Edition,[],,https://api.star-citizen.wiki/api/shipmatrix/vehicles/caterpillar-pirate-edition,2025-09-05 14:33:09+00:00,2.0,4,2.0,True,DRAK,Drake Interplanetary
132,52,Nox Kue,nox-kue,"{'length': 5.5, 'beam': 1.5, 'height': 1.5}","{'length': 5.5, 'width': 1.5, 'height': 1.5}",4230.0,0.0,"{'min': 1, 'max': 1}",225.0,Racing,flight-ready,None,competition,"Deriving its name from the Xi’an word for ‘thrust,’ the Nox Kue delivers that and more. This limited version of the open-canopy racer features a stunning brushed-silver finish and was specifically created to celebrate the inaugural sale of the first Nox for Human riders.
",snub,45.0,https://robertsspaceindustries.com/pledge/ships/nox/Nox-Kue,[],,https://api.star-citizen.wiki/api/shipmatrix/vehicles/nox-kue,2025-12-03 22:40:57+00:00,1.0,1,0.0,False,XNAA,Aopoa
24,11,Caterpillar,caterpillar,"{'length': 111.5, 'beam': 39, 'height': 13.5}","{'length': 111.5, 'width': 39, 'height': 13.5}",1660063.0,576.0,"{'min': 2, 'max': 4}",130.0,Heavy Freight,flight-ready,Hull concept complete,transport,"First introduced in 2871, Drake Interplanetary’s Caterpillar has long proven to be a reliable, cost-effective multi-role vessel, capable of being outfitted for everything from mercantile operations to combat support. Long hailed as a hard-fought alternative to the ubiquitous Hull series, the Caterpillar is a freighter that doesn’t skimp on weaponry or customization.",large,330.0,https://robertsspaceindustries.com/pledge/ships/drake-caterpillar/Caterpillar,"[{'title': 'Standard Edition', 'price': 295, 'available': True, 'imported_at': '2024-01-07T13:54:02.000000Z'}, {'title': 'Standard Edition', 'price': 330, 'available': True, 'imported_at': '2024-01-10T00:00:57.000000Z'}, {'title': 'Warbond Edition', 'price': 300, 'available': True, 'imported_at': '2024-05-26T00:00:25.000000Z'}, {'title': 'Imperator Subscribers Edition', 'price': 330, 'available': True, 'imported_at': '2025-07-02T00:00:16.000000Z'}]",Buccaneer,https://api.star-citizen.wiki/api/shipmatrix/vehicles/caterpillar,2026-04-21 19:52:04+00:00,2.0,4,2.0,True,DRAK,Drake Interplanetary
72,12,Retaliator Bomber,retaliator-bomber,"{'length': 69.5, 'beam': 42.5, 'height': 12.5}","{'length': 69.5, 'width': 42.5, 'height': 12.5}",300392.0,0.0,"{'min': 4, 'max': 7}",145.0,Heavy Bomber,flight-ready,This ship is in game and ready to fly immediately,combat,"The Aegis Dynamics’ Retaliator has landed! One of the United Empire of Earth’s most powerful warbirds, the Retaliator was designed as a fearsome weapons platform designed to strike and kill capital ships. A key portion of the UEE’s power projection, Retaliator squadrons have served with distinction against outlaws, the Vanduul and elsewhere. This version of the Retaliator includes the bomb bay and torpedo launcher.",large,275.0,https://robertsspaceindustries.com/pledge/ships/aegis-retaliator/Retaliator-Bomber,"[{'title': 'Standard Edition', 'price': 275, 'available': True, 'imported_at': '2024-01-10T00:00:58.000000Z'}]",Gladiator,https://api.star-citizen.wiki/api/shipmatrix/vehicles/retaliator-bomber,2024-05-16 22:28:12+00:00,4.0,7,3.0,False,AEGS,Aegis Dynamics
92,15,P-52 Merlin,p-52-merlin,"{'length': 12, 'beam': 7.7, 'height': 2}","{'length': 12, 'width': 7.7, 'height': 2}",8909.0,0.0,"{'min': 1, 'max': 1}",280.0,Snub Fighter,flight-ready,None,combat,"Originally designed to pair with the RSI Constellation, the P-52 Merlin is now available to all pilots! A dedicated parasite fighter, the Merlin is designed to be transported from place to place aboard a larger ship. Boasting a centerline Gatling cannon and a Lightning Power engine, the Merlin is a fast, maneuverable ship that packs a surprising punch! Ideal for racing, local reconnaissance and fast combat.",snub,25.0,https://robertsspaceindustries.com/pledge/ships/p52-merlin/P-52-Merlin,"[{'title': 'Standard Edition', 'price': 25, 'available': True, 'imported_at': '2024-01-10T00:00:58.000000Z'}]",,https://api.star-citizen.wiki/api/shipmatrix/vehicles/p-52-merlin,2025-12-03 22:35:44+00:00,1.0,1,0.0,False,KRIG,Kruger Intergalactic
