id,chassis_id,name,slug,sizes,dimension,mass,cargo_capacity,crew,speed,agility,foci,production_status,production_note,type,description,size,msrp,pledge_url,skus,manufacturer,loaner,link,updated_at
45,4,Constellation Andromeda,constellation-andromeda,"{'length': 61, 'beam': 26, 'height': 14}","{'length': 61, 'width': 26, 'height': 14}",430057.0,96.0,"{'min': 3, 'max': 4}","{'scm': 190, 'max': None}","{'pitch': None, 'yaw': None, 'roll': None, 'acceleration': {'x_axis': None, 'y_axis': None, 'z_axis': None}}","[{'en_EN': 'Medium Freight', 'de_DE': 'Mittlerer Frachter', 'zh_CN': '中型货运'}, {'en_EN': 'Gunship', 'de_DE': 'Kanonenboot', 'zh_CN': '炮艇'}]","{'en_EN': 'flight-ready', 'de_DE': 'Flugbereit', 'zh_CN': '可飞行'}","{'en_EN': 'Damage States being mapped', 'de_DE': 'Schadenszustände werden ausgearbeitet', 'zh_CN': '正在测绘的受损国家'}","{'en_EN': 'multi', 'de_DE': 'Mehrzweck', 'zh_CN': '多'}","{'en_EN': ""The Constellation Andromeda, a multi-person freighter, is the most popular ship in RSI's current production array. Constellations are beloved by smugglers and merchants alike because they are modular, high powered... and just downright iconic-looking."", 'de_DE': 'Die Constellation Andromeda, ein Mehrpersonenfrachter, ist das beliebteste Schiff im aktuellen Produktionsprogramm von RSI. Constellations werden von Schmugglern und Händlern gleichermaßen geliebt, weil sie modular, leistungsstark.... und einfach nur geradezu ikonisch aussehen.', 'zh_CN': '仙女座星座是一艘多人货运飞船，是 RSI 目前生产的最受欢迎的飞船。星座号深受走私者和商人的喜爱，因为它们模块化、动力强劲......而且外观极具标志性。'}","{'en_EN': 'large', 'de_DE': 'Groß', 'zh_CN': '大'}",240.0,https://robertsspaceindustries.com/pledge/ships/rsi-constellation/Constellation-Andromeda,"[{'title': 'Standard Edition', 'price': 240, 'available': True, 'imported_at': '2024-01-07T13:54:03.000000Z'}, {'title': 'Warbond Edition', 'price': 220, 'available': True, 'imported_at': '2024-09-18T00:00:32.000000Z'}, {'title': 'Imperator Subscribers Edition', 'price': 240, 'available': True, 'imported_at': '2025-01-08T00:01:06.000000Z'}, {'title': 'Warbond Edition', 'price': 220, 'available': True, 'imported_at': '2025-12-01T00:00:58.000000Z'}]","{'code': 'RSI', 'name': 'Roberts Space Industries'}","[{'name': 'P-52 Merlin', 'link': 'https://api.star-citizen.wiki/api/vehicles/a5a8e4e5-939c-4f7b-ab48-5f7db556d5a4', 'version': '4.7.1-LIVE.11592622'}]",https://api.star-citizen.wiki/api/shipmatrix/vehicles/constellation-andromeda,2026-04-21T19:55:05.000000Z
33,5,Freelancer MIS,freelancer-mis,"{'length': 38, 'beam': 23.5, 'height': 9.5}","{'length': 38, 'width': 23.5, 'height': 9.5}",236353.0,36.0,"{'min': 2, 'max': 4}","{'scm': 204, 'max': None}","{'pitch': None, 'yaw': None, 'roll': None, 'acceleration': {'x_axis': None, 'y_axis': None, 'z_axis': None}}","[{'en_EN': 'Gunship', 'de_DE': 'Kanonenboot', 'zh_CN': '炮艇'}]","{'en_EN': 'flight-ready', 'de_DE': 'Flugbereit', 'zh_CN': '可飞行'}","{'en_EN': 'None', 'de_DE': 'Keine', 'zh_CN': '无'}","{'en_EN': 'combat', 'de_DE': 'Gefecht', 'zh_CN': '打击'}","{'en_EN': 'The Freelancer MIS is a limited edition militarized variant of the classic mercantile ship developed by the UEE. These were produced in very small quantity due to some early payload incidents. This version sacrifices the majority of the cargo capacity to make way for missiles. ', 'de_DE': 'Die Freelancer MIS ist eine militarisierte Variante des von der UEE entwickelten klassischen Handelsschiffes in limitierter Auflage. Diese wurden aufgrund einiger früherer Ladungsvorfälle in sehr geringer Stückzahl produziert. Diese Version opfert den Großteil der Ladekapazität, um Platz für Raketen zu schaffen.', 'zh_CN': '自由职业者 MIS 是 UEE 研发的经典商船的限量版军事化变体。由于早期的一些有效载荷事故，这些飞船的生产量非常小。该版本牺牲了大部分载货能力，为导弹让路。'}","{'en_EN': 'medium', 'de_DE': 'Mittel', 'zh_CN': '中等'}",175.0,https://robertsspaceindustries.com/pledge/ships/misc-freelancer/Freelancer-MIS,"[{'title': 'Warbond Edition', 'price': 165, 'available': True, 'imported_at': '2024-01-07T13:54:02.000000Z'}, {'title': 'Standard Edition', 'price': 175, 'available': True, 'imported_at': '2024-01-10T00:00:57.000000Z'}, {'title': 'Warbond Edition', 'price': 165, 'available': True, 'imported_at': '2024-11-25T00:00:52.000000Z'}]","{'code': 'MISC', 'name': 'MISC'}",[],https://api.star-citizen.wiki/api/shipmatrix/vehicles/freelancer-mis,2026-04-21T19:59:30.000000Z
101,7,Avenger Warlock,avenger-warlock,"{'length': 22.5, 'beam': 16.5, 'height': 5.5}","{'length': 22.5, 'width': 16.5, 'height': 5.5}",50070.0,0.0,"{'min': 1, 'max': 1}","{'scm': 260, 'max': None}","{'pitch': None, 'yaw': None, 'roll': None, 'acceleration': {'x_axis': None, 'y_axis': None, 'z_axis': None}}","[{'en_EN': 'Interdiction', 'de_DE': 'Abriegelung', 'zh_CN': '拦截'}]","{'en_EN': 'flight-ready', 'de_DE': 'Flugbereit', 'zh_CN': '可飞行'}","{'en_EN': 'None', 'de_DE': 'Keine', 'zh_CN': '无'}","{'en_EN': 'combat', 'de_DE': 'Gefecht', 'zh_CN': '打击'}","{'en_EN': 'Outfitted with a Behring REP-8 EMP Generator, the Warlock makes non-lethal suppression possible via a powerful electromagnetic wave capable of disabling any electronics within the blast radius.\n\n*This is the standard Avenger chassis with the Warlock EMP module pre-installed.*', 'de_DE': 'Ausgestattet mit einem Behring REP-8 EMP-Generator ermöglicht die Warlock eine nicht tödliche Unterdrückung durch eine starke elektromagnetische Welle, die in der Lage ist, jede Elektronik innerhalb des Explosionsradius zu deaktivieren.\r\n\r\nDies ist das Standard-Avenger-Chassis mit dem vorinstallierten Warlock EMP-Modul.', 'zh_CN': '配备贝林 REP-8 电磁脉冲发生器后，“术士 ”可通过强大的电磁波对爆炸半径内的任何电子设备实施非致命性压制。\r\n\r\n*这是标准复仇者底盘，预装了 “术士 ”电磁脉冲模块。'}","{'en_EN': 'small', 'de_DE': 'Klein', 'zh_CN': '小'}",85.0,https://robertsspaceindustries.com/pledge/ships/aegis-avenger/Avenger-Warlock,"[{'title': 'Warbond Edition', 'price': 80, 'available': True, 'imported_at': '2024-01-07T13:54:03.000000Z'}, {'title': 'Standard Edition', 'price': 85, 'available': True, 'imported_at': '2024-01-10T00:00:58.000000Z'}]","{'code': 'AEGS', 'name': 'Aegis Dynamics'}",[],https://api.star-citizen.wiki/api/shipmatrix/vehicles/avenger-warlock,2026-04-21T20:03:38.000000Z
130,51,Eclipse,eclipse,"{'length': 20.5, 'beam': 36.6, 'height': 4.4}","{'length': 20.5, 'width': 36.6, 'height': 4.4}",54216.0,0.0,"{'min': 1, 'max': 1}","{'scm': 210, 'max': None}","{'pitch': None, 'yaw': None, 'roll': None, 'acceleration': {'x_axis': None, 'y_axis': None, 'z_axis': None}}","[{'en_EN': 'Stealth Bomber', 'de_DE': 'Tarnkappenbomber', 'zh_CN': '隐形轰炸机'}]","{'en_EN': 'flight-ready', 'de_DE': 'Flugbereit', 'zh_CN': '可飞行'}","{'en_EN': 'None', 'de_DE': 'Keine', 'zh_CN': '无'}","{'en_EN': 'combat', 'de_DE': 'Gefecht', 'zh_CN': '打击'}","{'en_EN': ""The Aegis Eclipse is a bomber designed to get in and strike before it's even spotted. After extensive service with the UEE, this high-tech military stalwart is making its debut on the civilian market for 2947."", 'de_DE': 'Die Aegis Eclipse ist ein Bomber, der entwickelt wurde, um einzudringen und zuzuschlagen, bevor er überhaupt entdeckt wird. Nach umfangreichem Einsatz bei der UEE feiert dieser Hightech-Spezialist auf dem zivilen Markt 2947 seine Debüt.', 'zh_CN': '宙斯盾日蚀 ""是一种轰炸机，其设计目的是在被发现之前就进行攻击。在 UEE 服役多年后，这款高科技军用中坚力量于 2947 年首次进入民用市场。'}","{'en_EN': 'medium', 'de_DE': 'Mittel', 'zh_CN': '中等'}",300.0,https://robertsspaceindustries.com/pledge/ships/eclipse/Eclipse,"[{'title': 'Warbond Edition', 'price': 280, 'available': True, 'imported_at': '2024-01-07T13:54:04.000000Z'}, {'title': 'Standard Edition', 'price': 300, 'available': True, 'imported_at': '2024-01-10T00:00:58.000000Z'}, {'title': 'Imperator Subscribers Edition', 'price': 300, 'available': True, 'imported_at': '2024-06-05T00:00:25.000000Z'}, {'title': 'Warbond Edition', 'price': 275, 'available': True, 'imported_at': '2024-06-15T00:00:31.000000Z'}, {'title': 'Warbond Edition', 'price': 275, 'available': True, 'imported_at': '2024-11-24T00:00:57.000000Z'}, {'title': 'Warbond Edition', 'price': 275, 'available': True, 'imported_at': '2025-07-12T00:00:46.000000Z'}]","{'code': 'AEGS', 'name': 'Aegis Dynamics'}",[],https://api.star-citizen.wiki/api/shipmatrix/vehicles/eclipse,2026-04-21T20:03:31.000000Z
13,3,F7C-S Hornet Ghost Mk I,f7c-s-hornet-ghost-mk-i,"{'length': 22.5, 'beam': 21.5, 'height': 6.5}","{'length': 22.5, 'width': 21.5, 'height': 6.5}",73724.0,0.0,"{'min': 1, 'max': 1}","{'scm': 219, 'max': None}","{'pitch': None, 'yaw': None, 'roll': None, 'acceleration': {'x_axis': None, 'y_axis': None, 'z_axis': None}}","[{'en_EN': 'Stealth Fighter', 'de_DE': 'Tarnkappenjäger', 'zh_CN': '隐形战斗机'}]","{'en_EN': 'flight-ready', 'de_DE': 'Flugbereit', 'zh_CN': '可飞行'}","{'en_EN': 'None', 'de_DE': 'Keine', 'zh_CN': '无'}","{'en_EN': 'combat', 'de_DE': 'Gefecht', 'zh_CN': '打击'}","{'en_EN': ""Through a combination of low-emission drives, low-draw weapons, and Void Armor technology capable of diffusing scans, the F7C-S Ghost is built for the pilot who wants to keep a low profile. The Ghost is capable of slipping past the most ardent of observers to accomplish whatever goal you need to accomplish. Don't worry, we won't ask."", 'de_DE': 'Durch eine Kombination aus emissionsarmen Antrieben, energiearmen Waffen und der Void Armor-Technologie, die in der Lage ist, Scans zu verbreiten, ist die F7C-S Ghost für den Piloten konzipiert, der ein niedriges Profil bewahren möchte. Der Ghost ist in der Lage, an den hartnäckigsten Beobachtern vorbeizuschlüpfen, um das Ziel zu erreichen, das du erreichen musst. Keine Sorge, wir werden nicht fragen.', 'zh_CN': 'F7C-S 幽灵号结合了低辐射驱动器、低耗能武器和能够扩散扫描的虚空装甲技术，专为希望保持低调的飞行员打造。幽灵 ""能够避开最敏锐的观察者，完成你需要完成的任何目标。别担心，我们不会问的。'}","{'en_EN': 'small', 'de_DE': 'Klein', 'zh_CN': '小'}",140.0,https://robertsspaceindustries.com/pledge/ships/anvil-hornet/F7C-S-Hornet-Ghost-Mk-I,"[{'title': 'Standard Edition ', 'price': 125, 'available': True, 'imported_at': '2024-01-07T13:54:02.000000Z'}, {'title': 'Standard Edition ', 'price': 140, 'available': True, 'imported_at': '2024-03-15T00:00:30.000000Z'}]","{'code': 'ANVL', 'name': 'Anvil Aerospace'}",[],https://api.star-citizen.wiki/api/shipmatrix/vehicles/f7c-s-hornet-ghost-mk-i,2025-12-03T22:42:42.000000Z
87,24,Hull E,hull-e,"{'length': 372, 'beam': 104, 'height': 104}","{'length': 372, 'width': 104, 'height': 104}",1652000.0,12288.0,"{'min': 4, 'max': 5}","{'scm': None, 'max': None}","{'pitch': None, 'yaw': None, 'roll': None, 'acceleration': {'x_axis': None, 'y_axis': None, 'z_axis': None}}","[{'en_EN': 'Heavy Freight', 'de_DE': 'Schwertransport', 'zh_CN': '重型货运'}]","{'en_EN': 'in-concept', 'de_DE': 'Im Konzept', 'zh_CN': '概念'}","{'en_EN': 'Concept complete', 'de_DE': 'Konzept vollendet', 'zh_CN': '概念完成'}","{'en_EN': 'transport', 'de_DE': 'Transport', 'zh_CN': '运输'}","{'en_EN': 'The largest specialized freighter available on the market today, the Hull E is generally owned by major corporations and operated with a high degree of planning. The lack of maneuverability inherent in such a large ship means that anyone planning to operate them should be careful about equipping turrets and providing escort. Their potential load (and modularity) is unparalleled, however: no other ship allows as much room to store goods or to modify towards another role!', 'de_DE': 'Die Hull E, das größte spezialisierte Frachtschiff, das heute auf dem Markt erhältlich ist, befindet sich in der Regel im Besitz großer Konzerne und wird mit einem hohen Maß an Planung betrieben. Der Mangel an Manövrierfähigkeit, der einem so großen Schiff innewohnt, bedeutet, dass jeder, der plant, es zu bedienen, vorsichtig sein sollte, wenn es um die Ausrüstung von Türmen und die Begleitung geht. Ihre potentielle Ladekapazität (und Modularität) ist jedoch beispiellos: Kein anderes Schiff bietet so viel Platz, um Waren zu lagern oder sich auf eine andere Rolle umzustellen!', 'zh_CN': '船体 E 是目前市场上最大的专用货船，一般为大公司所拥有，其运营需要高度规划。由于这种大型货轮本身缺乏机动性，因此任何计划运营这种货轮的人都必须在装备炮塔和提供护航方面小心谨慎。然而，它们的潜在载荷（和模块化）是无与伦比的：没有任何其他船只有这么大的空间来储存货物或改装成其他用途！'}","{'en_EN': 'capital', 'de_DE': 'Kapitalklasse', 'zh_CN': 'capital'}",750.0,https://robertsspaceindustries.com/pledge/ships/hull/Hull-E,"[{'title': 'Warbond Edition', 'price': 675, 'available': True, 'imported_at': '2026-04-09T00:00:31.000000Z'}, {'title': 'Standard Edition', 'price': 750, 'available': True, 'imported_at': '2026-04-09T00:00:31.000000Z'}]","{'code': 'MISC', 'name': 'MISC'}","[{'name': 'Hull C', 'link': 'https://api.star-citizen.wiki/api/vehicles/c4ceff45-d851-44b1-921b-bfef93a6cd6a', 'version': '4.7.1-LIVE.11592622'}, {'name': 'C2 Hercules', 'link': 'https://api.star-citizen.wiki/api/vehicles/7533ff77-836c-4bd2-9171-487d9c63863c', 'version': '4.7.1-LIVE.11592622'}]",https://api.star-citizen.wiki/api/shipmatrix/vehicles/hull-e,2026-04-08T16:13:35.000000Z
26,13,Scythe,scythe,"{'length': 31, 'beam': 23, 'height': 8.5}","{'length': 31, 'width': 23, 'height': 8.5}",72091.0,0.0,"{'min': 1, 'max': 1}","{'scm': 222, 'max': None}","{'pitch': None, 'yaw': None, 'roll': None, 'acceleration': {'x_axis': None, 'y_axis': None, 'z_axis': None}}","[{'en_EN': 'Medium Fighter', 'de_DE': 'Mittlerer Jäger', 'zh_CN': '中型战斗机'}]","{'en_EN': 'flight-ready', 'de_DE': 'Flugbereit', 'zh_CN': '可飞行'}","{'en_EN': 'None', 'de_DE': 'Keine', 'zh_CN': '无'}","{'en_EN': 'combat', 'de_DE': 'Gefecht', 'zh_CN': '打击'}","{'en_EN': ""Fast becoming the symbol of the Vanduul Race, the Scythe is the foot soldier in every raid and the target of every human fighter pilot. Featuring a hefty weapons payload, the Scythe's real asset is its maneuverability, found in the twin main and twelve manuevering thrusters."", 'de_DE': 'Die Scythe, die schnell zum Symbol der Vanduul-Rasse wird, ist der Fußsoldat bei jedem Angriff und das Ziel jedes menschlichen Kampfpiloten. Mit einer hohen Waffen-Ausrüstung ist der wahre Vorteil der Scythe ihre Manövrierfähigkeit, die in den beiden Haupt- und zwölf Manövriertriebwerken zu finden ist.', 'zh_CN': '镰刀 ""已迅速成为凡杜尔种族的象征，它是每次突袭中的步兵，也是每个人类战斗机飞行员的目标。镰刀号拥有强大的武器载荷，其真正的优势在于双主推进器和十二个机动推进器的机动性。'}","{'en_EN': 'small', 'de_DE': 'Klein', 'zh_CN': '小'}",300.0,https://robertsspaceindustries.com/pledge/ships/scythe/Scythe,[],"{'code': 'VNCL', 'name': 'Vanduul'}",[],https://api.star-citizen.wiki/api/shipmatrix/vehicles/scythe,2025-07-18T15:21:14.000000Z
67,16,Mustang Gamma,mustang-gamma,"{'length': 21.5, 'beam': 18, 'height': 9}","{'length': 21.5, 'width': 18, 'height': 9}",30263.0,0.0,"{'min': 1, 'max': 1}","{'scm': 225, 'max': None}","{'pitch': None, 'yaw': None, 'roll': None, 'acceleration': {'x_axis': None, 'y_axis': None, 'z_axis': None}}","[{'en_EN': 'Racing', 'de_DE': 'Rennsport', 'zh_CN': '赛车'}]","{'en_EN': 'flight-ready', 'de_DE': 'Flugbereit', 'zh_CN': '可飞行'}","{'en_EN': 'None', 'de_DE': 'Keine', 'zh_CN': '无'}","{'en_EN': 'competition', 'de_DE': 'Wettkampf', 'zh_CN': '竞争'}","{'en_EN': 'Consolidated Outland’s design and engineering teams have managed to tweak and refine the Mustang into an admirable racer. The end result, the Mustang Gamma, has smooth acceleration, and power on demand thanks to an innovative package featuring three powerful Magma Jet engines for maximum thrust.', 'de_DE': 'Die Design- und Ingenieurteams von Consolidated Outland haben es geschafft, die Mustang zu optimieren und zu einem bewundernswerten Rennfahrer zu veredeln. Das Endergebnis, die Mustang Gamma, bietet gleichmäßige Beschleunigung und Power on Demand dank eines innovativen Konzepts mit drei leistungsstarken Magma Jet-Triebwerken für maximalen Schub.', 'zh_CN': 'Consolidated Outland 的设计和工程团队对 Mustang 进行了调整和改进，使其成为一款令人钦佩的赛车。野马 Gamma 的最终成果是平稳的加速和按需提供的动力，这要归功于创新的套件，其中包括三个可提供最大推力的强大 Magma 喷气发动机。'}","{'en_EN': 'small', 'de_DE': 'Klein', 'zh_CN': '小'}",55.0,https://robertsspaceindustries.com/pledge/ships/mustang/Mustang-Gamma,"[{'title': 'Standard Edition', 'price': 55, 'available': True, 'imported_at': '2024-01-07T13:54:03.000000Z'}]","{'code': 'CNOU', 'name': 'Consolidated Outland'}",[],https://api.star-citizen.wiki/api/shipmatrix/vehicles/mustang-gamma,2025-12-03T21:53:03.000000Z
35,19,Khartu-Al,khartu-al,"{'length': 30.5, 'beam': 13, 'height': 8}","{'length': 30.5, 'width': 13, 'height': 8}",72711.0,0.0,"{'min': 1, 'max': 1}","{'scm': 226, 'max': None}","{'pitch': None, 'yaw': None, 'roll': None, 'acceleration': {'x_axis': None, 'y_axis': None, 'z_axis': None}}","[{'en_EN': 'Light Fighter', 'de_DE': 'Leichter Jäger', 'zh_CN': '轻型战斗机'}]","{'en_EN': 'flight-ready', 'de_DE': 'Flugbereit', 'zh_CN': '可飞行'}","{'en_EN': 'None', 'de_DE': 'Keine', 'zh_CN': '无'}","{'en_EN': 'combat', 'de_DE': 'Gefecht', 'zh_CN': '打击'}","{'en_EN': ""The Xi'an Aopoa corporation manufactures an export model of the Qhire Khartu, the Khartu-al, for sale to Human civilians. The export model features the same Xi'an maneuvering rig, but control surfaces modified for Human use and a more limited armament."", 'de_DE': ""Die Xi'an Aopoa Corporation fertigt ein Exportmodell der Qhire Khartu, der Khartu-al, für den Verkauf an menschliche Zivilisten. Das Exportmodell verfügt über das gleiche Xi'an-Manövriergerät, aber für den menschlichen Gebrauch modifizierte Steuerflächen und eine begrenztere Bewaffnung."", 'zh_CN': '西安 Aopoa 公司制造了一种 Qhire Khartu 的出口型号 Khartu-al，出售给人类平民。该出口型号采用与西安相同的操纵装置，但控制面进行了修改，以适合人类使用，武器装备也更为有限。'}","{'en_EN': 'small', 'de_DE': 'Klein', 'zh_CN': '小'}",175.0,https://robertsspaceindustries.com/pledge/ships/khartu/Khartu-Al,"[{'title': 'Warbond Edition', 'price': 160, 'available': True, 'imported_at': '2024-01-07T13:54:03.000000Z'}, {'title': 'Standard Edition', 'price': 170, 'available': True, 'imported_at': '2024-01-07T13:54:03.000000Z'}, {'title': 'Warbond Edition', 'price': 160, 'available': True, 'imported_at': '2024-01-07T13:54:03.000000Z'}, {'title': 'Standard Edition', 'price': 175, 'available': True, 'imported_at': '2024-11-26T00:00:55.000000Z'}]","{'code': 'XNAA', 'name': 'Aopoa'}",[],https://api.star-citizen.wiki/api/shipmatrix/vehicles/khartu-al,2025-12-03T22:41:00.000000Z
86,24,Hull D,hull-d,"{'length': 209, 'beam': 70, 'height': 70}","{'length': 209, 'width': 70, 'height': 70}",1216000.0,6912.0,"{'min': 3, 'max': 5}","{'scm': None, 'max': None}","{'pitch': None, 'yaw': None, 'roll': None, 'acceleration': {'x_axis': None, 'y_axis': None, 'z_axis': None}}","[{'en_EN': 'Heavy Freight', 'de_DE': 'Schwertransport', 'zh_CN': '重型货运'}]","{'en_EN': 'in-concept', 'de_DE': 'Im Konzept', 'zh_CN': '概念'}","{'en_EN': 'Concept complete', 'de_DE': 'Konzept vollendet', 'zh_CN': '概念完成'}","{'en_EN': 'transport', 'de_DE': 'Transport', 'zh_CN': '运输'}","{'en_EN': 'The Hull D kicks off the larger end of the spectrum with a massive ship built around a rugged frame. The Hull D is affordable enough to be operated by mid-sized organizations and companies. Hull D are often used as flagships for mercantile operations, but their bulk means that they should be operated with escort fighters while not in safe space. The UEE military uses modified Hull D as part of their supply chain, arming and refueling the soldiers on the front line.', 'de_DE': 'Die Hull D beginnt das größere Ende des Spektrums mit einem massiven Schiff, das um einen robusten Rahmen gebaut ist. Die Hull D ist erschwinglich genug, um von mittelgroßen Organisationen und Unternehmen betrieben zu werden. Hull D werden oft als Flaggschiffe für Handelsbetriebe eingesetzt, aber ihr Volumen bedeutet, dass sie mit Begleitjägern eingesetzt werden sollten, wenn sie sich nicht im sicheren Raum befinden. Das UEE-Militär verwendet modifizierte Hull D als Teil seiner Lieferkette, indem es die Soldaten an der Front bewaffnet und auffüllt.', 'zh_CN': 'Hull D 以坚固耐用的框架为基础建造了一艘大型船舶，是大型船舶的开端。D 型船的价格适中，适合中型组织和公司运营。船体 D 经常被用作商贸活动的旗舰，但由于其体积庞大，因此在非安全空间时应与护航战斗机一起使用。UEE 军方使用改装后的船体 D 作为其供应链的一部分，为前线士兵提供武器和燃料。'}","{'en_EN': 'capital', 'de_DE': 'Kapitalklasse', 'zh_CN': 'capital'}",550.0,https://robertsspaceindustries.com/pledge/ships/hull/Hull-D,"[{'title': 'Standard Edition', 'price': 550, 'available': True, 'imported_at': '2024-01-10T00:00:58.000000Z'}]","{'code': 'MISC', 'name': 'MISC'}","[{'name': 'Hull C', 'link': 'https://api.star-citizen.wiki/api/vehicles/c4ceff45-d851-44b1-921b-bfef93a6cd6a', 'version': '4.7.1-LIVE.11592622'}, {'name': 'C2 Hercules', 'link': 'https://api.star-citizen.wiki/api/vehicles/7533ff77-836c-4bd2-9171-487d9c63863c', 'version': '4.7.1-LIVE.11592622'}]",https://api.star-citizen.wiki/api/shipmatrix/vehicles/hull-d,2025-12-03T22:23:12.000000Z
311,133,MOTH,moth,"{'length': 45, 'beam': 25, 'height': 15}","{'length': 45, 'width': 25, 'height': 15}",1169686.0,224.0,"{'min': 1, 'max': 4}","{'scm': 140, 'max': None}","{'pitch': None, 'yaw': None, 'roll': None, 'acceleration': {'x_axis': None, 'y_axis': None, 'z_axis': None}}","[{'en_EN': 'Medium Salvage', 'de_DE': 'Medium Salvage', 'zh_CN': 'Medium Salvage'}]","{'en_EN': 'flight-ready', 'de_DE': 'Flugbereit', 'zh_CN': '可飞行'}","{'en_EN': 'None', 'de_DE': 'Keine', 'zh_CN': '无'}","{'en_EN': 'industrial', 'de_DE': 'Gewerblich', 'zh_CN': '工业'}","{'en_EN': 'A medium salvager built to bridge the gap between light salvage and full industrial undertakings. With Argo’s industrial heritage leading the design, the MOTH is the natural next step for those looking for team-driven, larger-scale operations.', 'de_DE': 'A medium salvager built to bridge the gap between light salvage and full industrial undertakings. With Argo’s industrial heritage leading the design, the MOTH is the natural next step for those looking for team-driven, larger-scale operations.', 'zh_CN': 'A medium salvager built to bridge the gap between light salvage and full industrial undertakings. With Argo’s industrial heritage leading the design, the MOTH is the natural next step for those looking for team-driven, larger-scale operations.'}","{'en_EN': 'medium', 'de_DE': 'Mittel', 'zh_CN': '中等'}",315.0,https://robertsspaceindustries.com/pledge/ships/moth/MOTH,"[{'title': 'Warbond Edition', 'price': 290, 'available': True, 'imported_at': '2026-02-13T00:00:14.000000Z'}, {'title': 'Standard Edition', 'price': 315, 'available': True, 'imported_at': '2026-02-13T00:00:14.000000Z'}]","{'code': 'ARGO', 'name': 'Argo Astronautics'}",[],https://api.star-citizen.wiki/api/shipmatrix/vehicles/moth,2026-02-11T15:49:51.000000Z
156,4,Constellation Phoenix Emerald,constellation-phoenix-emerald,"{'length': 61, 'beam': 26, 'height': 14}","{'length': 61, 'width': 26, 'height': 14}",427001.0,80.0,"{'min': 3, 'max': 4}","{'scm': 200, 'max': None}","{'pitch': None, 'yaw': None, 'roll': None, 'acceleration': {'x_axis': None, 'y_axis': None, 'z_axis': None}}","[{'en_EN': 'Touring', 'de_DE': 'Reisen', 'zh_CN': '旅游'}]","{'en_EN': 'flight-ready', 'de_DE': 'Flugbereit', 'zh_CN': '可飞行'}","{'en_EN': 'None', 'de_DE': 'Keine', 'zh_CN': '无'}","{'en_EN': 'exploration', 'de_DE': 'Erkundung', 'zh_CN': '勘探'}","{'en_EN': 'Whether you are a discerning socialite or a freewheeling party animal, the Constellation\xa0Phoenix Emerald is your personal passport to entertainment. With a swank interior cabin designed specifically for revelry, and a limited edition ""lucky"" paint job, the Emerald is the perfect venue to sip a glass of Radegast Gold or throw back a green Sleeping Tiger Malt while hurtling luxuriously through the stars. Just be sure to bring a designated pilot. The Phoenix Emerald comes with a Lynx rover and a Kruger P-72 Archimedes Fighter.', 'de_DE': 'Ob du ein anspruchsvoller Gesellschaftsmensch oder ein freilaufendes Partytier bist, die Constellation Phoenix Emerald ist dein persönlicher Pass zur Unterhaltung. Mit einer schick gestalteten Innenkabine, die speziell für die Feierlichkeiten entwickelt wurde, und einer Lackierung in limitierter Auflage, die ""glücklich"" ist, ist die Emerald der perfekte Ort, um ein Glas Radegast Gold zu trinken oder ein grünes Schlafender-Tiger-Malz zurückzuwerfen, während sie luxuriös durch die Sterne eilt. Achten Sie nur darauf, einen bestimmten Piloten mitzubringen. Die Phoenix Emerald wird mit einem Lynx-Rover und einem Kruger P-72 Archimedes Jagdflugzeug geliefert.', 'zh_CN': '无论您是眼光独到的社交名流，还是自由奔放的派对动物，Constellation Phoenix Emerald 都是您的私人娱乐通行证。绿宝石号拥有专为狂欢设计的豪华内舱和限量版的 “幸运 ”涂装，是您在星空中啜饮Radegast Gold美酒或回味绿色睡虎麦芽威士忌的完美场所。只是一定要带一名指定飞行员。凤凰绿宝石 ""配备了一辆山猫漫游车和一架克鲁格 P-72 阿基米德战斗机。'}","{'en_EN': 'large', 'de_DE': 'Groß', 'zh_CN': '大'}",350.0,https://robertsspaceindustries.com/pledge/ships/rsi-constellation/Constellation-Phoenix-Emerald,"[{'title': 'Standard Edition', 'price': 350, 'available': True, 'imported_at': '2026-03-18T00:00:11.000000Z'}]","{'code': 'RSI', 'name': 'Roberts Space Industries'}","[{'name': 'P-72 Archimedes', 'link': 'https://api.star-citizen.wiki/api/vehicles/70580bce-2347-4e96-9260-dee6394f483d', 'version': '4.7.1-LIVE.11592622'}]",https://api.star-citizen.wiki/api/shipmatrix/vehicles/constellation-phoenix-emerald,2026-02-27T16:07:26.000000Z
113,43,MPUV Personnel,mpuv-personnel,"{'length': 9, 'beam': 6.5, 'height': 4}","{'length': 9, 'width': 6.5, 'height': 4}",12187.0,0.0,"{'min': 1, 'max': 1}","{'scm': 170, 'max': None}","{'pitch': None, 'yaw': None, 'roll': None, 'acceleration': {'x_axis': None, 'y_axis': None, 'z_axis': None}}","[{'en_EN': 'Passenger', 'de_DE': 'Passagier', 'zh_CN': '乘客'}]","{'en_EN': 'flight-ready', 'de_DE': 'Flugbereit', 'zh_CN': '可飞行'}","{'en_EN': 'None', 'de_DE': 'Keine', 'zh_CN': '无'}","{'en_EN': 'transport', 'de_DE': 'Transport', 'zh_CN': '运输'}","{'en_EN': 'The ARGO Astronautics MPUV-1P (commonly ‘Argo Personnel.’) is geared towards a simple but incredibly important responsibility: moving groups of people from place to place. The UEE Navy uses MPUV-1Ps extensively, and any new recruit can likely recall those terrifying moments in which such a ship carried them to their first space assignment. In civilian hands, Argo Personnel ships are adapted for everything from standard taxi services to use as makeshift combat dropships. The ARGO is capable of carrying up to eight Humans and their equipment.', 'de_DE': 'Die ARGO Astronautik MPUV-1P (gemeinhin Argo Personal.) ist auf eine einfache, aber unglaublich wichtige Aufgabe ausgerichtet: die Verlegung von Gruppen von Menschen von Ort zu Ort. Die UEE Navy verwendet MPUV-1Ps ausgiebig, und jeder neue Rekrut kann sich wahrscheinlich an die schrecklichen Momente erinnern, in denen ein solches Schiff sie zu ihrem ersten Weltraumeinsatz brachte. In ziviler Hand werden die Argo-Personalschiffe vom Standardtaxi-Service bis hin zum provisorischen Kampfdropschiff angepasst. Der ARGO ist in der Lage, bis zu acht Menschen und deren Ausrüstung zu transportieren.', 'zh_CN': '阿尔戈宇航公司的 MPUV-1P（通常称为 “阿尔戈人员”）承担着一项简单但却无比重要的职责：将一群人从一个地方运送到另一个地方。UEE 海军广泛使用 MPUV-1P，任何新兵都可能回忆起这种飞船载着他们前往第一次太空任务的可怕时刻。在民间，阿尔戈人员飞船被改装成各种用途，从标准的出租车服务到用作临时战斗投送船。阿尔戈人员飞船最多可搭载 8 名人类及其装备。'}","{'en_EN': 'snub', 'de_DE': 'Beiboot', 'zh_CN': '冷落'}",40.0,https://robertsspaceindustries.com/pledge/ships/argo/MPUV-Personnel,"[{'title': 'Standard Edition', 'price': 40, 'available': True, 'imported_at': '2024-01-10T00:00:58.000000Z'}]","{'code': 'ARGO', 'name': 'Argo Astronautics'}",[],https://api.star-citizen.wiki/api/shipmatrix/vehicles/mpuv-personnel,2026-04-21T20:00:16.000000Z
93,33,Glaive,glaive,"{'length': 31, 'beam': 20, 'height': 8}","{'length': 31, 'width': 20, 'height': 8}",76520.0,0.0,"{'min': 1, 'max': 1}","{'scm': 218, 'max': None}","{'pitch': None, 'yaw': None, 'roll': None, 'acceleration': {'x_axis': None, 'y_axis': None, 'z_axis': None}}","[{'en_EN': 'Medium Fighter', 'de_DE': 'Mittlerer Jäger', 'zh_CN': '中型战斗机'}]","{'en_EN': 'flight-ready', 'de_DE': 'Flugbereit', 'zh_CN': '可飞行'}","{'en_EN': 'None', 'de_DE': 'Keine', 'zh_CN': '无'}","{'en_EN': 'combat', 'de_DE': 'Gefecht', 'zh_CN': '打击'}","{'en_EN': 'The Glaive is a symmetrical version of the Scythe. Generally flown by Vanduul with more combat experience, they are better armed and have two huge blades/wings as opposed to one on the standard Scythe.\n\n\nThis model is a human reproduction created by the manufacturer Esperia.\n', 'de_DE': 'Die Glaive ist eine symmetrische Version der Scythe. Im Allgemeinen von Vanduul mit mehr Kampferfahrung geflogen, sind sie besser bewaffnet und besietzt zwei riesige Klingen/Flügel im Gegensatz zu der Standard-Scythe.\r\n\r\n\r\nDieses Modell ist eine menschliche Reproduktion, die vom Hersteller Esperia hergestellt wurde.', 'zh_CN': '格莱夫是镰刀的对称版。一般由拥有更多战斗经验的凡杜尔人驾驶，它们拥有更好的武器和两个巨大的刃翼，而标准镰刀只有一个。\r\n\r\n\r\n该模型是由制造商 Esperia 制作的人类复制品。'}","{'en_EN': 'medium', 'de_DE': 'Mittel', 'zh_CN': '中等'}",350.0,https://robertsspaceindustries.com/pledge/ships/esperia-glaive/Glaive,"[{'title': 'Standard Edition', 'price': 350, 'available': True, 'imported_at': '2024-01-07T13:54:03.000000Z'}, {'title': 'Warbond Edition', 'price': 330, 'available': True, 'imported_at': '2024-06-13T00:00:30.000000Z'}]","{'code': 'ESPR', 'name': 'Esperia'}",[],https://api.star-citizen.wiki/api/shipmatrix/vehicles/glaive,2025-12-03T21:57:07.000000Z
109,40,Prospector,prospector,"{'length': 24, 'beam': 15, 'height': 7}","{'length': 24, 'width': 15, 'height': 7}",116477.0,0.0,"{'min': 1, 'max': 1}","{'scm': 156, 'max': None}","{'pitch': None, 'yaw': None, 'roll': None, 'acceleration': {'x_axis': None, 'y_axis': None, 'z_axis': None}}","[{'en_EN': 'Mining', 'de_DE': 'Bergbau', 'zh_CN': '采矿'}, {'en_EN': 'Prospecting', 'de_DE': 'Prospektierung', 'zh_CN': '探矿'}]","{'en_EN': 'flight-ready', 'de_DE': 'Flugbereit', 'zh_CN': '可飞行'}","{'en_EN': 'Available in Alpha 3.0', 'de_DE': 'Verfügbar in Alpha 3.0', 'zh_CN': '可在 Alpha 3.0 中使用'}","{'en_EN': 'industrial', 'de_DE': 'Gewerblich', 'zh_CN': '工业'}","{'en_EN': 'For years, the Prospector has been the universe’s preferred mining vessel for solo operators. Featuring MISC’s sleek design sensibility and a bevy of upgraded high-tech mining tools, the 2947 Prospector balances form and functionality.', 'de_DE': 'Seit Jahren ist die Prospector das bevorzugte Bergbauschiff des Universums für Einzelbetreiber. Mit der schlanken Design-Sensibilität von MISC und einer Vielzahl von verbesserten High-Tech-Mining-Werkzeugen balanciert die 2947 Prospector perfekt zwischen Form und Funktionalität.\r\n\r\nDie Prospektor kann 128 SCU der abgebauten Ressourcen in seinen speziellen Mining-Frachtkapseln lagern, diese können nicht für normale Ladung verwendet werden, so dass der Wert der Ladekapazität als 0 SCU angegeben ist.', 'zh_CN': '多年来，探矿者号一直是宇宙中单人操作的首选采矿船。2947 探矿者号采用了 MISC 的时尚设计感和大量升级的高科技采矿工具，完美地兼顾了外形和功能。'}","{'en_EN': 'small', 'de_DE': 'Klein', 'zh_CN': '小'}",155.0,https://robertsspaceindustries.com/pledge/ships/misc-prospector/Prospector,"[{'title': 'Warbond Edition', 'price': 145, 'available': True, 'imported_at': '2024-01-07T13:54:03.000000Z'}, {'title': 'Standard Edition', 'price': 155, 'available': True, 'imported_at': '2024-01-07T13:54:03.000000Z'}, {'title': 'Warbond Edition', 'price': 145, 'available': True, 'imported_at': '2024-01-10T00:00:58.000000Z'}, {'title': 'Warbond Edition', 'price': 145, 'available': True, 'imported_at': '2024-02-09T00:00:13.000000Z'}]","{'code': 'MISC', 'name': 'MISC'}",[],https://api.star-citizen.wiki/api/shipmatrix/vehicles/prospector,2025-12-03T22:18:28.000000Z
117,46,Prowler,prowler,"{'length': 34, 'beam': 32, 'height': 15}","{'length': 34, 'width': 32, 'height': 15}",171700.0,0.0,"{'min': 2, 'max': 2}","{'scm': 200, 'max': None}","{'pitch': None, 'yaw': None, 'roll': None, 'acceleration': {'x_axis': None, 'y_axis': None, 'z_axis': None}}","[{'en_EN': 'Dropship', 'de_DE': 'Landungsschiff', 'zh_CN': '空投飞船'}]","{'en_EN': 'flight-ready', 'de_DE': 'Flugbereit', 'zh_CN': '可飞行'}","{'en_EN': 'None', 'de_DE': 'Keine', 'zh_CN': '无'}","{'en_EN': 'combat', 'de_DE': 'Gefecht', 'zh_CN': '打击'}","{'en_EN': 'Named after the UPE military designation, the Prowler is a modernized version of the infamous Tevarin armored personnel carrier. Esperia’s astroengineers were given unmitigated access to study original versions of the ship recently discovered in the Kabal system to help meticulously reconstruct the vehicle. Now, the Prowler is the perfect fusion of two cultures: the elegance and effectiveness of the Tevarin war machine combined with the reliability of modern Human technology.   \n', 'de_DE': 'Benannt nach der militärischen Bezeichnung der UPE, ist die Prowler eine modernisierte Version des berüchtigten gepanzerten Personalwagens der Tevarin. Die Astroingenieure von Esperia erhielten uneingeschränkten Zugang, um die Originalversionen des Schiffes zu studieren, die kürzlich im Kabal-System entdeckt wurden, um die sorgfältige Rekonstruktion des Fahrzeugs zu erleichtern. Nun ist die Prowler die perfekte Verschmelzung zweier Kulturen: die Eleganz und Wirksamkeit der Tevarin-Kriegsmaschine kombiniert mit der Zuverlässigkeit der modernen menschlichen Technologie.', 'zh_CN': '徘徊者号以 UPE 的军用名称命名，是臭名昭著的泰瓦林装甲运兵车的现代化版本。埃斯佩里亚的天文工程师们获得了研究最近在卡巴尔星系发现的原版飞船的无限权限，以帮助精心重建这种载具。现在，徘徊者是两种文化的完美融合：泰瓦林战争机器的优雅和高效与现代人类技术的可靠性相结合。'}","{'en_EN': 'medium', 'de_DE': 'Mittel', 'zh_CN': '中等'}",440.0,https://robertsspaceindustries.com/pledge/ships/prowler/Prowler,"[{'title': 'Warbond Edition', 'price': 410, 'available': True, 'imported_at': '2024-01-07T13:54:04.000000Z'}, {'title': 'Warbond Edition', 'price': 410, 'available': True, 'imported_at': '2024-01-10T00:00:58.000000Z'}, {'title': 'Standard Edition', 'price': 440, 'available': True, 'imported_at': '2024-02-28T00:00:34.000000Z'}]","{'code': 'ESPR', 'name': 'Esperia'}",[],https://api.star-citizen.wiki/api/shipmatrix/vehicles/prowler,2025-12-03T22:38:19.000000Z
126,48,Razor,razor,"{'length': 11.5, 'beam': 8.2, 'height': 2.7}","{'length': 11.5, 'width': 8.2, 'height': 2.7}",10925.0,0.0,"{'min': 1, 'max': 1}","{'scm': 280, 'max': None}","{'pitch': None, 'yaw': None, 'roll': None, 'acceleration': {'x_axis': None, 'y_axis': None, 'z_axis': None}}","[{'en_EN': 'Racing', 'de_DE': 'Rennsport', 'zh_CN': '赛车'}]","{'en_EN': 'flight-ready', 'de_DE': 'Flugbereit', 'zh_CN': '可飞行'}","{'en_EN': 'None', 'de_DE': 'Keine', 'zh_CN': '无'}","{'en_EN': 'competition', 'de_DE': 'Wettkampf', 'zh_CN': '竞争'}","{'en_EN': ""Mirai makes a bid for the next Murray Cup with the all-new Razor. This advanced racer features an advanced composite spaceframe that puts pure speed ahead of everything else... it's the ship for pilots who want to leave the competition in the dust."", 'de_DE': 'MISC gibt ein Angebot für den nächsten Murray Cup mit der neuen Razor ab. Dieser fortschrittliche Renner verfügt über einen hochentwickelten Verbundraumrahmen, der die reine Geschwindigkeit vor alles andere stellt.... es ist das Schiff für Piloten, die die Konkurrenz im Staub lassen wollen.', 'zh_CN': 'MRAI 以全新的 Razor 向下一届 Murray Cup 发起冲击。这款先进的赛车采用了先进的复合材料太空框架，将纯粹的速度置于一切之上......它是那些想要将竞争对手甩在身后的飞行员的理想之选。'}","{'en_EN': 'small', 'de_DE': 'Klein', 'zh_CN': '小'}",145.0,https://robertsspaceindustries.com/pledge/ships/razor/Razor,"[{'title': 'Warbond Edition', 'price': 135, 'available': True, 'imported_at': '2024-01-07T13:54:04.000000Z'}, {'title': 'Standard Edition', 'price': 145, 'available': True, 'imported_at': '2024-01-10T00:00:58.000000Z'}]","{'code': 'MRAI', 'name': 'Mirai'}",[],https://api.star-citizen.wiki/api/shipmatrix/vehicles/razor,2025-12-03T22:35:08.000000Z
129,50,Defender,defender,"{'length': 25.5, 'beam': 20, 'height': 8}","{'length': 25.5, 'width': 20, 'height': 8}",122930.0,0.0,"{'min': 1, 'max': 2}","{'scm': 222, 'max': None}","{'pitch': None, 'yaw': None, 'roll': None, 'acceleration': {'x_axis': None, 'y_axis': None, 'z_axis': None}}","[{'en_EN': 'Light Fighter', 'de_DE': 'Leichter Jäger', 'zh_CN': '轻型战斗机'}]","{'en_EN': 'flight-ready', 'de_DE': 'Flugbereit', 'zh_CN': '可飞行'}","{'en_EN': 'None', 'de_DE': 'Keine', 'zh_CN': '无'}","{'en_EN': 'combat', 'de_DE': 'Gefecht', 'zh_CN': '打击'}","{'en_EN': ""Meet the Banu Defender, a multi-crew fighter whose patchwork design highlights technology from a variety of species. Featuring modest accommodations for its crew and easy access to components, the Defender gets its name from the role it serves: the first line of defense against enemy attacks. That's why the Defender makes the ideal companion to the Merchantman: one to do the heavy hauling and the other to perform the deadly dogfighting."", 'de_DE': 'Lernen die Banu Defender kennen, ein Multi-Crew-Kämpfer, dessen Patchwork-Design Technologie aus einer Vielzahl von Arten hervorhebt. Obwohl der Laderaum begrenzt ist, bietet der Defender seiner Crew bescheidene Unterkünfte und einen einfachen Zugang zu den Komponenten. Die Defender erhalten ihren Namen von der Rolle, die sie spielen: die erste Verteidigungslinie gegen feindliche Angriffe. Deshalb ist die Defender der ideale Begleiterin des Händlers: eine für den Schwertransport und die andere für den tödlichen Luftkampf. Jeder Banu-Händler weiß, dass eine Investition in die Verteidigung eine Investition in ihren Lebensunterhalt ist.', 'zh_CN': '巴努 “卫士 ”是一种多机组战斗机，其拼凑设计彰显了来自不同物种的技术。巴努卫士号的特点是为船员提供适度的空间，并且易于获取部件，它的名字来源于它所扮演的角色：抵御敌人攻击的第一道防线。因此，“卫士 ”是 “商船 ”的理想伴侣：一个负责重型运输，另一个负责致命的狗斗。'}","{'en_EN': 'small', 'de_DE': 'Klein', 'zh_CN': '小'}",220.0,https://robertsspaceindustries.com/pledge/ships/defender/Defender,"[{'title': 'Warbond Edition', 'price': 200, 'available': True, 'imported_at': '2024-01-07T13:54:04.000000Z'}, {'title': 'Standard Edition', 'price': 220, 'available': True, 'imported_at': '2024-01-10T00:00:58.000000Z'}]","{'code': 'BANU', 'name': 'Banu'}",[],https://api.star-citizen.wiki/api/shipmatrix/vehicles/defender,2025-12-03T22:40:04.000000Z
134,53,Cyclone,cyclone,"{'length': 6, 'beam': 4, 'height': 2.5}","{'length': 6, 'width': 4, 'height': 2.5}",3022.0,1.0,"{'min': 1, 'max': 2}","{'scm': None, 'max': None}","{'pitch': None, 'yaw': None, 'roll': None, 'acceleration': {'x_axis': None, 'y_axis': None, 'z_axis': None}}","[{'en_EN': 'Exploration', 'de_DE': 'Erkundung', 'zh_CN': '探索'}, {'en_EN': 'Recon', 'de_DE': 'Aufklärung', 'zh_CN': '侦察'}]","{'en_EN': 'flight-ready', 'de_DE': 'Flugbereit', 'zh_CN': '可飞行'}","{'en_EN': 'None', 'de_DE': 'Keine', 'zh_CN': '无'}","{'en_EN': 'ground', 'de_DE': 'Gelände', 'zh_CN': '地面'}","{'en_EN': 'With a potent combination of speed, maneuverability, and rugged durability, the Cyclone is a perfect choice for local deliveries and transport between planetside homesteads and outposts.', 'de_DE': 'Mit einer starken Kombination aus Geschwindigkeit, Manövrierfähigkeit und robuster Langlebigkeit ist die Cyclone die perfekte Wahl für lokale Lieferungen und Transporte zwischen Heimatstationen auf Planeten und Außenposten.', 'zh_CN': '旋风号集速度、机动性和坚固耐用性于一身，是进行本地送货以及在行星边的家园和前哨站之间进行运输的最佳选择。'}","{'en_EN': 'vehicle', 'de_DE': 'Fahrzeug', 'zh_CN': '汽车'}",55.0,https://robertsspaceindustries.com/pledge/ships/cyclone/Cyclone,"[{'title': 'Standard Edition', 'price': 55, 'available': True, 'imported_at': '2024-01-07T13:54:04.000000Z'}]","{'code': 'TMBL', 'name': 'Tumbril'}",[],https://api.star-citizen.wiki/api/shipmatrix/vehicles/cyclone,2025-12-03T22:20:16.000000Z
222,89,Railen,railen,"{'length': 53, 'beam': 52, 'height': 67}","{'length': 53, 'width': 52, 'height': 67}",,640.0,"{'min': None, 'max': 4}","{'scm': None, 'max': None}","{'pitch': None, 'yaw': None, 'roll': None, 'acceleration': {'x_axis': None, 'y_axis': None, 'z_axis': None}}","[{'en_EN': 'Medium Freight', 'de_DE': 'Mittlerer Frachter', 'zh_CN': '中型货运'}]","{'en_EN': 'in-concept', 'de_DE': 'Im Konzept', 'zh_CN': '概念'}","{'en_EN': 'None', 'de_DE': 'Keine', 'zh_CN': '无'}","{'en_EN': 'transport', 'de_DE': 'Transport', 'zh_CN': '运输'}","{'en_EN': 'Gatac’s first foray into the human market, the Railen is an elegant interspecies vessel perfect for any Human or Xi’an pilot looking for a safe, reliable solution for commercial-grade medium cargo hauling. Utilizing patented grav-lev technology, and time-tested designs updated for 2951 and beyond, the Railen is a prime example of why the Xi’an Empire has trusted House Gatac with production of its industrial vessels for centuries.', 'de_DE': ""Die Railen ist Gatacs erster Vorstoß in den menschlichen Markt. Sie ist ein elegantes, speziesübergreifendes Schiff, das sich perfekt für jeden menschlichen oder Xi'an-Piloten eignet, der nach einer sicheren, zuverlässigen Lösung für den Transport mittlerer Fracht sucht. Die Railen ist ein Paradebeispiel dafür, warum das Xi'an-Imperium dem Haus Gatac seit Jahrhunderten die Produktion seiner Industrieschiffe anvertraut. Sie nutzt die patentierte Grav-Lev-Technologie und das bewährte Design, das für das Jahr 2951 und darüber hinaus aktualisiert wurde."", 'zh_CN': 'Railen 是 Gatac 首次进军人类市场的产品，是一艘优雅的跨物种船只，非常适合任何正在寻找安全可靠的商业级中型货物运输解决方案的人类或西安飞行员。Railen 采用重力提升专利技术和久经考验的设计，并在 2951 年及以后进行了更新，是西安帝国数百年来一直信任加塔克公司生产工业船只的最好例证。'}","{'en_EN': 'medium', 'de_DE': 'Mittel', 'zh_CN': '中等'}",225.0,https://robertsspaceindustries.com/pledge/ships/railen/Railen,"[{'title': 'Standard Edition', 'price': 225, 'available': True, 'imported_at': '2024-01-10T00:01:00.000000Z'}]","{'code': 'GAMA', 'name': 'Gatac Manufacture'}","[{'name': 'C2 Hercules', 'link': 'https://api.star-citizen.wiki/api/vehicles/7533ff77-836c-4bd2-9171-487d9c63863c', 'version': '4.7.1-LIVE.11592622'}, {'name': 'Syulen', 'link': 'https://api.star-citizen.wiki/api/vehicles/11ebc47d-4763-4faa-9020-171cf6c2651f', 'version': '4.7.1-LIVE.11592622'}]",https://api.star-citizen.wiki/api/shipmatrix/vehicles/railen,2025-12-03T22:38:00.000000Z
245,54,Lynx,lynx,"{'length': 7.7, 'beam': 5.7, 'height': 3.1}","{'length': 7.7, 'width': 5.7, 'height': 3.1}",47157.0,,"{'min': 1, 'max': 2}","{'scm': 30, 'max': None}","{'pitch': None, 'yaw': None, 'roll': None, 'acceleration': {'x_axis': None, 'y_axis': None, 'z_axis': None}}","[{'en_EN': 'Luxury Transport', 'de_DE': 'Luxus-Transport', 'zh_CN': '豪华运输'}, {'en_EN': 'Explorer', 'de_DE': 'Erkundung', 'zh_CN': '探索'}]","{'en_EN': 'flight-ready', 'de_DE': 'Flugbereit', 'zh_CN': '可飞行'}","{'en_EN': 'None', 'de_DE': 'Keine', 'zh_CN': '无'}","{'en_EN': 'ground', 'de_DE': 'Gelände', 'zh_CN': '地面'}","{'en_EN': 'Tour the wildest corners of the ‘verse in safety, comfort, and style in the Lynx Rover from RSI. It’s a jungle out there, but with the Lynx you’ll have the comforts of home anywhere you roam.', 'de_DE': 'Mit dem Lynx Rover von RSI kannst du die wildesten Ecken der Welt sicher, bequem und stilvoll erkunden. Es ist ein Dschungel da draußen, aber mit dem Lynx hast du den Komfort eines Zuhauses, egal wo du bist.', 'zh_CN': '驾驶 RSI 的山猫漫游车，安全、舒适、时尚地游览 “诗经 ”中最狂野的角落。外面是一片丛林，但有了山猫漫游车，您在任何地方都能享受到家的舒适。'}","{'en_EN': 'vehicle', 'de_DE': 'Fahrzeug', 'zh_CN': '汽车'}",60.0,https://robertsspaceindustries.com/pledge/ships/ursa/Lynx,"[{'title': 'Standard Edition', 'price': 60, 'available': True, 'imported_at': '2024-01-10T00:01:00.000000Z'}]","{'code': 'RSI', 'name': 'Roberts Space Industries'}",[],https://api.star-citizen.wiki/api/shipmatrix/vehicles/lynx,2026-04-21T19:54:50.000000Z
155,62,Vulcan,vulcan,"{'length': 38.5, 'beam': 16.5, 'height': 10}","{'length': 38.5, 'width': 16.5, 'height': 10}",625330.0,12.0,"{'min': 1, 'max': 3}","{'scm': 210, 'max': None}","{'pitch': None, 'yaw': None, 'roll': None, 'acceleration': {'x_axis': None, 'y_axis': None, 'z_axis': None}}","[{'en_EN': 'Medium Repair', 'de_DE': 'Mittlere Reparatur', 'zh_CN': '中型维修'}, {'en_EN': 'Medium Refuel', 'de_DE': 'Mittlere Betankung', 'zh_CN': '中型加油机'}]","{'en_EN': 'in-concept', 'de_DE': 'Im Konzept', 'zh_CN': '概念'}","{'en_EN': 'None', 'de_DE': 'Keine', 'zh_CN': '无'}","{'en_EN': 'multi', 'de_DE': 'Mehrzweck', 'zh_CN': '多'}","{'en_EN': 'Refuel. Repair. Rearm. Become a one-person support crew with Aegis Dynamics’ versatile Vulcan, supplying aid to pilots on the fly. Whether pinned down under heavy fire and in need of ammunition, low on quantum fuel after an ill-planned jump, or stranded in unknown space with a busted thruster, a pilot in distress can always count on a Vulcan and its cadre of drones to lend speedy, efficient assistance. \n\nOutfit your Vulcan with eye-catching livery and become a beacon of hope, even in the darkest, most treacherous corners of the ‘verse.', 'de_DE': 'Tanken. Reparieren. Aufrüsten. Werden Sie mit der vielseitigen Vulcan von Aegis Dynamics zu einer einköpfigen Support-Crew, die Piloten während des Fluges unterstützt. Ob unter schwerem Feuer festgesetzt und munitionsbedürftig, nach einem schlecht geplanten Sprung kraftstoffarm oder mit einem kaputten Triebwerk im unbekannten Raum gestrandet, ein Pilot in Not kann immer auf eine Vulcan und sein Drohnenkader zählen, um schnelle und effiziente Hilfe zu leisten. \r\n\r\nStatten Sie Ihre Vulcan mit auffälliger Lackierung aus und werden Sie zu einem Leuchtturm der Hoffnung, selbst in den dunkelsten, tückischsten Ecken des Verses.', 'zh_CN': '加油。维修 后备 使用宙斯盾动力公司的多功能火神战机，成为单人支援小组，为飞行员提供飞行援助。无论是被猛烈的炮火压制而需要弹药，还是在计划不周的跳跃后量子燃料不足，抑或是因推进器损坏而被困在未知的太空中，遇险的飞行员总能依靠火神和它的无人机部队提供快速、高效的援助。\r\n\r\n\r\n为您的火神号配上醒目的涂装，即使在最黑暗、最险恶的地方，也能成为希望的灯塔。'}","{'en_EN': 'medium', 'de_DE': 'Mittel', 'zh_CN': '中等'}",200.0,https://robertsspaceindustries.com/pledge/ships/vulcan/Vulcan,"[{'title': 'Standard Edition', 'price': 200, 'available': True, 'imported_at': '2024-01-10T00:00:59.000000Z'}, {'title': 'Warbond Edition', 'price': 185, 'available': True, 'imported_at': '2024-05-29T00:00:26.000000Z'}]","{'code': 'AEGS', 'name': 'Aegis Dynamics'}","[{'name': 'Starfarer', 'link': 'https://api.star-citizen.wiki/api/vehicles/13a02a6d-7d67-4d22-8530-d4d2c8443f66', 'version': '4.7.1-LIVE.11592622'}]",https://api.star-citizen.wiki/api/shipmatrix/vehicles/vulcan,2026-04-21T20:03:28.000000Z
179,54,Ursa Fortuna,ursa-fortuna,"{'length': 7.6, 'beam': 5.5, 'height': 2.2}","{'length': 7.6, 'width': 5.5, 'height': 2.2}",50357.0,0.0,"{'min': 1, 'max': 2}","{'scm': None, 'max': None}","{'pitch': None, 'yaw': None, 'roll': None, 'acceleration': {'x_axis': None, 'y_axis': None, 'z_axis': None}}","[{'en_EN': 'Exploration', 'de_DE': 'Erkundung', 'zh_CN': '探索'}]","{'en_EN': 'flight-ready', 'de_DE': 'Flugbereit', 'zh_CN': '可飞行'}","{'en_EN': 'None', 'de_DE': 'Keine', 'zh_CN': '无'}","{'en_EN': 'ground', 'de_DE': 'Gelände', 'zh_CN': '地面'}","{'en_EN': 'Fortune favors the bold. The most trusted name in all-terrain exploration embodies the essence of good fortune and success with this commemorative limited-edition Ursa Rover.', 'de_DE': 'Das Glück begünstigt die Mutigen. Der vertrauenswürdigste Name in der geländegängigen Erkundung verkörpert die Essenz von Glück und Erfolg mit diesem Ursa Rover als limitierte Sonderedition.', 'zh_CN': '幸运眷顾勇敢者。作为全地形探险领域最值得信赖的品牌，这款具有纪念意义的限量版 Ursa Rover 凝聚了幸运和成功的精髓。'}","{'en_EN': 'vehicle', 'de_DE': 'Fahrzeug', 'zh_CN': '汽车'}",55.0,https://robertsspaceindustries.com/pledge/ships/ursa/Ursa-Fortuna,"[{'title': 'Standard Edition', 'price': 55, 'available': True, 'imported_at': '2026-03-18T00:00:12.000000Z'}]","{'code': 'RSI', 'name': 'Roberts Space Industries'}",[],https://api.star-citizen.wiki/api/shipmatrix/vehicles/ursa-fortuna,2026-03-12T15:36:08.000000Z
141,55,600i Explorer,600i-explorer,"{'length': 91.5, 'beam': 52, 'height': 17}","{'length': 91.5, 'width': 52, 'height': 17}",1576792.0,40.0,"{'min': 2, 'max': 5}","{'scm': 165, 'max': None}","{'pitch': None, 'yaw': None, 'roll': None, 'acceleration': {'x_axis': None, 'y_axis': None, 'z_axis': None}}","[{'en_EN': 'Expedition', 'de_DE': 'Forschungsreisen', 'zh_CN': '远征'}]","{'en_EN': 'flight-ready', 'de_DE': 'Flugbereit', 'zh_CN': '可飞行'}","{'en_EN': 'None', 'de_DE': 'Keine', 'zh_CN': '无'}","{'en_EN': 'exploration', 'de_DE': 'Erkundung', 'zh_CN': '勘探'}","{'en_EN': ""This multi-role luxury vessel from Origin Jumpworks features an exquisitely detailed hull design that balances performance and versatility in a sleek and timeless form. The 600i is designed with a cutting-edge modular technology, allowing you to customize your ship for your needs. Looking to stamp your name in history with the discovery of a new star system? The 600i's Explorer module swaps the lounge for a robust scanning station as well as additional utility hardpoints to increase the ship's effectiveness even more."", 'de_DE': 'Beginnen wir die Reise mit der 2947 600i von Origin Jumpworks. Dieses Mehrrollen-Luxusschiff von Origin Jumpworks zeichnet sich durch ein exquisites, detailliertes Rumpfdesign aus, das Leistung und Vielseitigkeit in einer eleganten und zeitlosen Form vereint. Die 600i ist mit einer hochmodernen modularen Technologie ausgestattet, die es Ihnen ermöglicht, Ihr Schiff an Ihre Bedürfnisse anzupassen. Möchten Sie Ihren Namen in die Geschichte eintragen, indem Sie ein neues Sternensystem entdecken? Das Explorer-Modul des 600i tauscht die Lounge gegen eine robuste Scannerstation sowie zusätzliche Versorgungspunkte, um die Effektivität des Schiffes noch weiter zu erhöhen.', 'zh_CN': 'Origin Jumpworks 推出的这艘多功能豪华飞船拥有精致细腻的船体设计，在时尚永恒的外形中兼顾了性能和多功能性。600i 采用最先进的模块化技术设计，您可以根据自己的需要定制飞船。想通过发现新的恒星系统将自己的名字载入史册吗？600i 的 “探索者 ”模块将休息室换成了一个坚固的扫描站和额外的实用硬点，从而进一步提高了飞船的效能。'}","{'en_EN': 'large', 'de_DE': 'Groß', 'zh_CN': '大'}",475.0,https://robertsspaceindustries.com/pledge/ships/600i/600i-Explorer,"[{'title': 'BIS Warbond Edition', 'price': 445, 'available': True, 'imported_at': '2024-01-07T13:54:04.000000Z'}, {'title': 'Warbond Edition', 'price': 445, 'available': True, 'imported_at': '2024-01-10T00:00:58.000000Z'}, {'title': 'Standard Edition', 'price': 475, 'available': True, 'imported_at': '2024-01-10T00:00:58.000000Z'}, {'title': 'Warbond Edition', 'price': 445, 'available': True, 'imported_at': '2024-02-09T00:00:13.000000Z'}, {'title': 'Warbond Edition', 'price': 445, 'available': True, 'imported_at': '2024-12-05T00:01:21.000000Z'}, {'title': 'Imperator Subscribers Edition', 'price': 475, 'available': True, 'imported_at': '2025-05-07T00:00:59.000000Z'}]","{'code': 'ORIG', 'name': 'Origin Jumpworks'}","[{'name': 'Cyclone', 'link': 'https://api.star-citizen.wiki/api/vehicles/8dbb42e4-e127-4153-9694-2845142c3e51', 'version': '4.7.1-LIVE.11592622'}]",https://api.star-citizen.wiki/api/shipmatrix/vehicles/600i-explorer,2026-03-25T23:00:33.000000Z
169,68,Valkyrie,valkyrie,"{'length': 46.5, 'beam': 15, 'height': 10.5}","{'length': 46.5, 'width': 15, 'height': 10.5}",621046.0,90.0,"{'min': 1, 'max': 5}","{'scm': 207, 'max': None}","{'pitch': None, 'yaw': None, 'roll': None, 'acceleration': {'x_axis': None, 'y_axis': None, 'z_axis': None}}","[{'en_EN': 'Dropship', 'de_DE': 'Landungsschiff', 'zh_CN': '空投飞船'}]","{'en_EN': 'flight-ready', 'de_DE': 'Flugbereit', 'zh_CN': '可飞行'}","{'en_EN': 'None', 'de_DE': 'Keine', 'zh_CN': '无'}","{'en_EN': 'combat', 'de_DE': 'Gefecht', 'zh_CN': '打击'}","{'en_EN': 'In the days of antiquity, the Valkyrie were believed to choose who would live and who would die on the field of war. Now, Anvil is putting that choice in your hands. Seize fate and turn the tide of battle.\n\nRugged, high-performance jump seats safely transport up to twenty personnel into and out of the fray. A vehicle bay and speed ramp efficiently launch ground-based transport or reconnaissance vehicles for unmatched support. Four powerful VTOL thrusters facilitate surgically precise take-offs and landings, while a devastating array of weaponry blurs the line between dropship and gunship.', 'de_DE': 'In den Tagen der Antike glaubte man, dass die Walküre wählen sollte, wer auf dem Kriegsfeld leben und wer sterben würde. Jetzt legt Anvil diese Wahl in deine Hände. Ergreifen Sie das Schicksal und wenden Sie die Flut der Schlacht.\r\n\r\nRobuste, leistungsstarke Klappsitze transportieren bis zu zwanzig Personen sicher in den Kampf und aus ihm heraus. Ein Fahrzeugraum und eine Geschwindigkeitsrampe starten effizient bodengebundene Transport- oder Aufklärungsfahrzeuge für unübertroffene Unterstützung. Vier leistungsstarke VTOL-Triebwerke ermöglichen chirurgisch präzise Starts und Landungen, während eine verheerende Reihe von Waffen die Grenze zwischen Dropship und Gunship verwischt.', 'zh_CN': '在古代，人们相信女武神可以选择战场上的生死。现在，Anvil 将选择权交到了您的手中。把握命运，扭转战局。\r\n\r\n\r\n坚固耐用的高性能跳伞座椅可安全运送多达 20 名人员进出战场。车载舱和快速斜坡可有效发射地面运输或侦察车辆，提供无与伦比的支持。四个强大的 VTOL 推进器可实现外科手术般精确的起飞和着陆，而毁灭性的武器阵列则模糊了空投飞船和炮艇之间的界限。'}","{'en_EN': 'small', 'de_DE': 'Klein', 'zh_CN': '小'}",375.0,https://robertsspaceindustries.com/pledge/ships/anvil-valkyrie/Valkyrie,"[{'title': 'Warbond Edition', 'price': 350, 'available': True, 'imported_at': '2024-01-07T13:54:04.000000Z'}, {'title': 'Warbond Edition', 'price': 350, 'available': True, 'imported_at': '2024-01-10T00:00:59.000000Z'}, {'title': 'Standard Edition', 'price': 375, 'available': True, 'imported_at': '2024-02-25T00:00:54.000000Z'}, {'title': 'Warbond Edition', 'price': 350, 'available': True, 'imported_at': '2024-05-24T00:00:35.000000Z'}, {'title': 'Warbond Edition', 'price': 350, 'available': True, 'imported_at': '2024-07-13T00:01:11.000000Z'}, {'title': 'Imperator Subscribers Edition', 'price': 375, 'available': True, 'imported_at': '2025-06-04T00:01:21.000000Z'}, {'title': 'Warbond Edition', 'price': 345, 'available': True, 'imported_at': '2025-07-12T00:00:48.000000Z'}]","{'code': 'ANVL', 'name': 'Anvil Aerospace'}","[{'name': 'F7C-M Super Hornet Mk I', 'link': 'https://api.star-citizen.wiki/api/vehicles/4f83f89d-480b-4d1b-867a-13772742d828', 'version': '4.7.1-LIVE.11592622'}]",https://api.star-citizen.wiki/api/shipmatrix/vehicles/valkyrie,2026-04-21T20:52:55.000000Z
170,69,Kraken,kraken,"{'length': 270, 'beam': 104, 'height': 64}","{'length': 270, 'width': 104, 'height': 64}",,3792.0,"{'min': None, 'max': 10}","{'scm': None, 'max': None}","{'pitch': None, 'yaw': None, 'roll': None, 'acceleration': {'x_axis': None, 'y_axis': None, 'z_axis': None}}","[{'en_EN': 'Multi-Role', 'de_DE': 'Mehrzweck', 'zh_CN': '多角色'}, {'en_EN': 'Light Carrier', 'de_DE': 'Leichter Träger', 'zh_CN': '轻型载体'}]","{'en_EN': 'in-concept', 'de_DE': 'Im Konzept', 'zh_CN': '概念'}","{'en_EN': 'None', 'de_DE': 'Keine', 'zh_CN': '无'}","{'en_EN': 'industrial', 'de_DE': 'Gewerblich', 'zh_CN': '工业'}","{'en_EN': ""The Kraken is a protector and a beacon of freedom in a too-often cruel universe. For those tasked with safekeeping Citizens unable to protect themselves, the Kraken is both a sanctuary and a self-contained war machine ready to take on the most daunting adversaries. Drake has thrown out the rule book to redefine private-use capital-class ships, attack carriers, and the very nature of personal freedom. It's nothing if not a testament to the empowerment of the people."", 'de_DE': 'Die Kraken ist ein Beschützer und ein Leuchtfeuer der Freiheit in einem zu oft grausamen Universum. Für diejenigen, die mit der Sicherheit der Bürger betraut sind, die sich nicht selbst schützen können, ist die Kraken sowohl ein Zufluchtsort als auch eine in sich geschlossene Kriegsmaschine, die bereit ist, es mit den schrecklichsten Gegnern aufzunehmen. Drake hat das Regelbuch verworfen, um privat genutzte Schiffe der Kapitalklasse, Angriffsträger und die Natur der persönlichen Freiheit neu zu definieren. Es ist nichts, wenn nicht gar ein Beweis für die Ermächtigung der Menschen.', 'zh_CN': '克拉肯是一个保护者，也是残酷宇宙中的自由灯塔。对于那些肩负保护任务却无法保护自己的公民来说，卡拉基号既是避难所，也是一台自给自足的战争机器，随时准备迎战最可怕的对手。德雷克扔掉了规则书，重新定义了私人使用的资本级飞船、攻击航母和个人自由的本质。这无不证明了人民的力量。'}","{'en_EN': 'capital', 'de_DE': 'Kapitalklasse', 'zh_CN': 'capital'}",,,[],"{'code': 'DRAK', 'name': 'Drake Interplanetary'}","[{'name': 'Polaris', 'link': 'https://api.star-citizen.wiki/api/vehicles/bc4aa5c5-2e9b-40d6-aa95-0757a763efff', 'version': '4.7.1-LIVE.11592622'}, {'name': 'C2 Hercules', 'link': 'https://api.star-citizen.wiki/api/vehicles/7533ff77-836c-4bd2-9171-487d9c63863c', 'version': '4.7.1-LIVE.11592622'}, {'name': 'Caterpillar', 'link': 'https://api.star-citizen.wiki/api/vehicles/dc39ca6b-1d76-4db5-9346-356f49954978', 'version': '4.7.1-LIVE.11592622'}, {'name': 'Buccaneer', 'link': 'https://api.star-citizen.wiki/api/vehicles/efec4d48-77ab-4cba-9add-a3d96c5be8d8', 'version': '4.7.1-LIVE.11592622'}]",https://api.star-citizen.wiki/api/shipmatrix/vehicles/kraken,2026-04-21T19:51:53.000000Z
173,70,Arrow,arrow,"{'length': 16, 'beam': 12, 'height': 4}","{'length': 16, 'width': 12, 'height': 4}",30752.0,0.0,"{'min': None, 'max': 1}","{'scm': 232, 'max': None}","{'pitch': None, 'yaw': None, 'roll': None, 'acceleration': {'x_axis': None, 'y_axis': None, 'z_axis': None}}","[{'en_EN': 'Light Fighter', 'de_DE': 'Leichter Jäger', 'zh_CN': '轻型战斗机'}]","{'en_EN': 'flight-ready', 'de_DE': 'Flugbereit', 'zh_CN': '可飞行'}","{'en_EN': 'None', 'de_DE': 'Keine', 'zh_CN': '无'}","{'en_EN': 'combat', 'de_DE': 'Gefecht', 'zh_CN': '打击'}","{'en_EN': ""Meet Anvil's ‘light fighter of the future’. Featuring an ultra-aerodynamic frame, slight profile, and the most advanced manoeuvring thruster tech available, it’s the most agile ship in its class. It can also hold its own in a knock-down-drag-out thanks to a generous standard weapons package that includes quad missile racks and a full complement of countermeasures. The Arrow is designed specifically to leave would-be interlopers thoroughly bewildered. After all, how can they kill what they can't catch?"", 'de_DE': 'Lernen Sie Anvils ""leichten Kämpfer der Zukunft"" kennen. Mit einem ultra-aerodynamischen Rahmen, einem leichten Profil und der fortschrittlichsten Manövriertriebwerkstechnologie ist es das agilste Schiff seiner Klasse. Dank eines großzügigen Standardwaffenpakets, das vier Raketenhalterungen und eine ganze Reihe von Gegenmaßnahmen umfasst, kann es sich auch im Falle eines Knock-Down-Dragouts behaupten. Die Arrow wurde speziell entwickelt, um Möchtegern-Interlopers völlig verwirrt zu lassen. Schließlich, wie können sie etwas töten, was sie nicht erwischen können?', 'zh_CN': '认识一下 Anvil 的 “未来轻型战斗机”。它采用了超空气动力学框架、轻巧的外形和最先进的操纵推进器技术，是同级别中最灵活的战舰。由于配备了包括四联装导弹发射架和全套反导系统在内的丰富的标准武器包，它还能在击落-拖拽对抗中保持自己的优势。箭 ""号的设计目的就是让潜在的入侵者无所适从。毕竟，他们怎么能杀死自己抓不到的东西呢？'}","{'en_EN': 'small', 'de_DE': 'Klein', 'zh_CN': '小'}",75.0,https://robertsspaceindustries.com/pledge/ships/anvil-arrow/Arrow,"[{'title': 'Standard Edition', 'price': 75, 'available': True, 'imported_at': '2024-01-07T13:54:04.000000Z'}, {'title': 'Imperator Subscribers Edition', 'price': 75, 'available': True, 'imported_at': '2024-02-07T00:00:14.000000Z'}, {'title': 'Centurion Subscribers Edition', 'price': 75, 'available': True, 'imported_at': '2024-02-07T00:00:14.000000Z'}]","{'code': 'ANVL', 'name': 'Anvil Aerospace'}",[],https://api.star-citizen.wiki/api/shipmatrix/vehicles/arrow,2026-04-21T20:52:54.000000Z
147,56,X1 Force,x1-force,"{'length': 5.5, 'beam': 1.3, 'height': 1.5}","{'length': 5.5, 'width': 1.3, 'height': 1.5}",4730.0,0.0,"{'min': 1, 'max': 1}","{'scm': 207, 'max': None}","{'pitch': None, 'yaw': None, 'roll': None, 'acceleration': {'x_axis': None, 'y_axis': None, 'z_axis': None}}","[{'en_EN': 'Combat', 'de_DE': 'Gefecht', 'zh_CN': '战斗'}]","{'en_EN': 'flight-ready', 'de_DE': 'Flugbereit', 'zh_CN': '可飞行'}","{'en_EN': 'None', 'de_DE': 'Keine', 'zh_CN': '无'}","{'en_EN': 'exploration', 'de_DE': 'Erkundung', 'zh_CN': '勘探'}","{'en_EN': 'Travel in confidence with the X1 Force. Featuring additional defensive capabilities, this open-canopy vehicle from Origin Jumpworks is equally suited to ground-based exploration, reconnaissance expeditions, and security operations.', 'de_DE': 'Die X1 Force ist eine modifizierte Version des X1-Basismodells, die mit zusätzlichen Verteidigungselementen ausgestattet ist, um dieses schnelle und agile offene Canopy-Bike zu verstärken, so dass es in einer Vielzahl von Funktionen eingesetzt werden kann, von der Erforschung von Welten bis hin zu potenziellen Sicherheitseindringungen.', 'zh_CN': '与 X1 Force 一起自信前行。Origin Jumpworks 公司生产的这款敞篷飞行器具有额外的防御能力，同样适用于地面探索、侦察探险和安全行动。'}","{'en_EN': 'snub', 'de_DE': 'Beiboot', 'zh_CN': '冷落'}",55.0,https://robertsspaceindustries.com/pledge/ships/x1/X1-Force,"[{'title': 'Standard Edition', 'price': 55, 'available': True, 'imported_at': '2024-01-07T13:54:04.000000Z'}, {'title': 'Standard Edition', 'price': 50, 'available': True, 'imported_at': '2024-01-10T00:00:59.000000Z'}]","{'code': 'ORIG', 'name': 'Origin Jumpworks'}",[],https://api.star-citizen.wiki/api/shipmatrix/vehicles/x1-force,2025-12-04T17:35:55.000000Z
174,71,San'tok.yāi,santokyai,"{'length': 24, 'beam': 23, 'height': 9}","{'length': 24, 'width': 23, 'height': 9}",88524.0,0.0,"{'min': 1, 'max': 1}","{'scm': 227, 'max': None}","{'pitch': None, 'yaw': None, 'roll': None, 'acceleration': {'x_axis': None, 'y_axis': None, 'z_axis': None}}","[{'en_EN': 'Medium Fighter', 'de_DE': 'Mittlerer Jäger', 'zh_CN': '中型战斗机'}]","{'en_EN': 'flight-ready', 'de_DE': 'Flugbereit', 'zh_CN': '可飞行'}","{'en_EN': 'None', 'de_DE': 'Keine', 'zh_CN': '无'}","{'en_EN': 'combat', 'de_DE': 'Gefecht', 'zh_CN': '打击'}","{'en_EN': ""Meet the next evolution of Xi'an tech and design innovation. The San’tok.yāi is a fighter that literally flies circles around the competition."", 'de_DE': ""Aopoa nutzt die Kraft der Xi'an-Flugsysteme der nächsten Generation, verbesserte Doppelvektor-Triebwerke und ein gewaltiges Waffenpaket und hat damit einen Kämpfer entwickelt, der die agile Handhabe und das präzise Verhalten, für das die Marke bekannt ist, beibehält. Und das alles mit der zusätzlichen Fähigkeit, einen schweren Schlag zu versetzen, wenn die Situation es erfordert. Willkommen in der Zukunft der Raumfahrt, mit freundlicher Genehmigung des Xi'an Imperiums und Aopoa."", 'zh_CN': ""西安科技与设计创新的下一个进化。San'tok.yāi是一款能在竞争中傲视群雄的战斗机。""}","{'en_EN': 'medium', 'de_DE': 'Mittel', 'zh_CN': '中等'}",240.0,https://robertsspaceindustries.com/pledge/ships/aopoa-santokyai/Santoky-i,"[{'title': 'Warbond Edition', 'price': 220, 'available': True, 'imported_at': '2024-01-07T13:54:04.000000Z'}, {'title': 'Standard Edition', 'price': 240, 'available': True, 'imported_at': '2024-01-07T13:54:04.000000Z'}, {'title': 'Warbond Edition', 'price': 205, 'available': True, 'imported_at': '2024-01-10T00:00:59.000000Z'}, {'title': 'Standard Edition', 'price': 220, 'available': True, 'imported_at': '2024-01-10T00:00:59.000000Z'}]","{'code': 'XNAA', 'name': 'Aopoa'}","[{'name': 'Khartu-Al', 'link': 'https://api.star-citizen.wiki/api/vehicles/8f61dc58-74ca-4dc6-aa95-c3105f10bba4', 'version': '3.21.1-LIVE.8892745'}]",https://api.star-citizen.wiki/api/shipmatrix/vehicles/santokyai,2025-12-03T22:40:56.000000Z
184,75,Anvil Ballista Snowblind,anvil-ballista-snowblind,"{'length': 17, 'beam': 7, 'height': 5.5}","{'length': 17, 'width': 7, 'height': 5.5}",121816.0,0.0,"{'min': 1, 'max': 2}","{'scm': 33, 'max': None}","{'pitch': None, 'yaw': None, 'roll': None, 'acceleration': {'x_axis': None, 'y_axis': None, 'z_axis': None}}","[{'en_EN': 'Military', 'de_DE': 'Militär', 'zh_CN': '军事'}]","{'en_EN': 'flight-ready', 'de_DE': 'Flugbereit', 'zh_CN': '可飞行'}","{'en_EN': 'None', 'de_DE': 'Keine', 'zh_CN': '无'}","{'en_EN': 'combat', 'de_DE': 'Gefecht', 'zh_CN': '打击'}",,"{'en_EN': 'vehicle', 'de_DE': 'Fahrzeug', 'zh_CN': '汽车'}",140.0,https://robertsspaceindustries.com/pledge/ships/anvil-ballista/Anvil-Ballista-Snowblind,[],"{'code': 'ANVL', 'name': 'Anvil Aerospace'}",[],https://api.star-citizen.wiki/api/shipmatrix/vehicles/anvil-ballista-snowblind,2025-12-03T22:42:25.000000Z
